# Date: 2017-06-02 00:45:31 UTC
# FID: case_18.zip
# Biofluid: Serum (Filtered)
# NMR Frequency: 500 MHz
# DSS Concentration: 833.0 µM
# Fast Profile: No
HMDB ID,Compound Name,Concentration (µM),Threshold,Confidence Score
-,DSS,833.0,0.9,
HMDB00001,1-Methylhistidine,29.2,8.9,5
HMDB00008,2-Hydroxybutyrate,29.1,8.9,9
HMDB00042,Acetic acid,41.0,6.3,10
HMDB00043,Betaine,29.6,8.9,10
HMDB00060,Acetoacetate,57.6,8.9,8
HMDB00062,L-Carnitine,25.9,8.9,9
HMDB00064,Creatine,14.8,8.9,7
HMDB00094,Citric acid,115.6,8.9,10
HMDB00097,Choline,6.9,2.7,10
HMDB00108,Ethanol,13.4,8.9,9
HMDB00122,D-Glucose,3205.9,44.7,10
HMDB00123,Glycine,340.3,8.9,10
HMDB00131,Glycerol,277.4,8.9,9
HMDB00142,Formic acid,19.4,7.2,9
HMDB00148,L-Glutamic acid,0.0,8.9,10
HMDB00157,Hypoxanthine,9.0,8.9,10
HMDB00158,L-Tyrosine,38.2,8.9,10
HMDB00159,L-Phenylalanine,45.8,8.9,10
HMDB00161,L-Alanine,237.8,17.9,10
HMDB00162,L-Proline,79.0,8.9,10
HMDB00167,L-Threonine,53.5,8.9,9
HMDB00168,L-Asparagine,58.4,26.8,3
HMDB00172,L-Isoleucine,25.5,8.9,7
HMDB00177,L-Histidine,28.2,8.9,7
HMDB00182,Lysine,74.2,8.9,9
HMDB00187,L-Serine,214.7,8.9,4
HMDB00190,L-Lactic acid,1010.7,17.9,10
HMDB00191,L-Aspartic acid,44.8,22.4,9
HMDB00214,Ornithine,0.0,26.8,6
HMDB00243,Pyruvic acid,57.9,8.9,8
HMDB00254,Succinic acid,4.6,8.9,8
HMDB00294,Urea,1168.6,447.0,8
HMDB00357,3-Hydroxybutyric acid,260.4,8.9,10
HMDB00517,L-Arginine,61.5,8.9,6
HMDB00562,Creatinine,51.8,8.9,10
HMDB00641,L-Glutamine,380.4,8.9,10
HMDB00687,L-Leucine,51.0,8.9,10
HMDB00691,Malonic acid,2.9,17.9,7
HMDB00696,L-Methionine,18.6,8.9,10
HMDB00863,Isopropanol,2.2,8.9,10
HMDB00883,L-Valine,87.0,17.9,10
HMDB00929,L-Tryptophan,5.5,26.8,5
HMDB01659,Acetone,31.7,8.9,10
HMDB01873,Isobutyric acid,2.8,7.2,10
HMDB01875,Methanol,266.5,17.9,10
HMDB01881,Propylene glycol,5.2,8.9,10
HMDB04983,Dimethylsulfone,1.8,8.9,10
