# Date: 2017-06-02 00:43:23 UTC
# FID: case_6.zip
# Biofluid: Serum (Filtered)
# NMR Frequency: 500 MHz
# DSS Concentration: 833.0 µM
# Fast Profile: No
HMDB ID,Compound Name,Concentration (µM),Threshold,Confidence Score
-,DSS,833.0,0.7,
HMDB00001,1-Methylhistidine,34.2,6.8,5
HMDB00008,2-Hydroxybutyrate,16.9,6.8,9
HMDB00042,Acetic acid,14.7,4.8,10
HMDB00043,Betaine,27.2,6.8,10
HMDB00060,Acetoacetate,36.7,6.8,8
HMDB00062,L-Carnitine,24.2,6.8,9
HMDB00064,Creatine,5.3,6.8,7
HMDB00094,Citric acid,63.7,6.8,10
HMDB00097,Choline,4.6,2.1,10
HMDB00108,Ethanol,10.7,6.8,9
HMDB00122,D-Glucose,1933.6,34.2,10
HMDB00123,Glycine,121.3,6.8,10
HMDB00131,Glycerol,217.0,6.8,9
HMDB00142,Formic acid,13.9,5.5,9
HMDB00148,L-Glutamic acid,23.7,6.8,10
HMDB00157,Hypoxanthine,6.9,6.8,10
HMDB00158,L-Tyrosine,27.9,6.8,10
HMDB00159,L-Phenylalanine,37.0,6.8,10
HMDB00161,L-Alanine,186.7,13.7,10
HMDB00162,L-Proline,64.2,6.8,10
HMDB00167,L-Threonine,57.7,6.8,9
HMDB00168,L-Asparagine,37.2,20.5,3
HMDB00172,L-Isoleucine,19.0,6.8,7
HMDB00177,L-Histidine,28.7,6.8,7
HMDB00182,Lysine,76.7,6.8,9
HMDB00187,L-Serine,180.1,6.8,4
HMDB00190,L-Lactic acid,500.9,13.7,10
HMDB00191,L-Aspartic acid,26.3,17.1,9
HMDB00214,Ornithine,13.8,20.5,6
HMDB00243,Pyruvic acid,45.7,6.8,8
HMDB00254,Succinic acid,3.9,6.8,8
HMDB00294,Urea,748.1,342.5,8
HMDB00357,3-Hydroxybutyric acid,103.4,6.8,10
HMDB00517,L-Arginine,32.0,6.8,6
HMDB00562,Creatinine,34.6,6.8,10
HMDB00641,L-Glutamine,266.5,6.8,10
HMDB00687,L-Leucine,43.0,6.8,10
HMDB00691,Malonic acid,4.6,13.7,7
HMDB00696,L-Methionine,15.7,6.8,10
HMDB00863,Isopropanol,3.9,6.8,10
HMDB00883,L-Valine,85.3,13.7,10
HMDB00929,L-Tryptophan,12.7,20.5,5
HMDB01659,Acetone,13.6,6.8,10
HMDB01873,Isobutyric acid,2.3,5.5,10
HMDB01875,Methanol,155.1,13.7,10
HMDB01881,Propylene glycol,15.6,6.8,10
HMDB04983,Dimethylsulfone,2.0,6.8,10
