# Date: 2017-06-02 00:42:09 UTC
# FID: case_9.zip
# Biofluid: Serum (Filtered)
# NMR Frequency: 500 MHz
# DSS Concentration: 833.0 µM
# Fast Profile: No
HMDB ID,Compound Name,Concentration (µM),Threshold,Confidence Score
-,DSS,833.0,0.8,
HMDB00001,1-Methylhistidine,58.4,8.1,5
HMDB00008,2-Hydroxybutyrate,16.4,8.1,9
HMDB00042,Acetic acid,21.4,5.7,10
HMDB00043,Betaine,44.1,8.1,10
HMDB00060,Acetoacetate,9.9,8.1,8
HMDB00062,L-Carnitine,54.6,8.1,9
HMDB00064,Creatine,16.9,8.1,7
HMDB00094,Citric acid,85.7,8.1,10
HMDB00097,Choline,10.3,2.4,10
HMDB00108,Ethanol,29.5,8.1,9
HMDB00122,D-Glucose,4553.0,40.6,10
HMDB00123,Glycine,164.9,8.1,10
HMDB00131,Glycerol,231.8,8.1,9
HMDB00142,Formic acid,28.0,6.5,9
HMDB00148,L-Glutamic acid,59.4,8.1,10
HMDB00157,Hypoxanthine,7.1,8.1,10
HMDB00158,L-Tyrosine,70.3,8.1,10
HMDB00159,L-Phenylalanine,61.2,8.1,10
HMDB00161,L-Alanine,320.2,16.2,10
HMDB00162,L-Proline,128.9,8.1,10
HMDB00167,L-Threonine,45.2,8.1,9
HMDB00168,L-Asparagine,34.2,24.3,3
HMDB00172,L-Isoleucine,35.6,8.1,7
HMDB00177,L-Histidine,15.9,8.1,7
HMDB00182,Lysine,105.7,8.1,9
HMDB00187,L-Serine,250.6,8.1,4
HMDB00190,L-Lactic acid,1309.6,16.2,10
HMDB00191,L-Aspartic acid,24.6,20.3,9
HMDB00214,Ornithine,0.0,24.3,6
HMDB00243,Pyruvic acid,89.8,8.1,8
HMDB00254,Succinic acid,3.0,8.1,8
HMDB00294,Urea,167.4,405.8,8
HMDB00357,3-Hydroxybutyric acid,11.5,8.1,10
HMDB00517,L-Arginine,46.2,8.1,6
HMDB00562,Creatinine,47.2,8.1,10
HMDB00641,L-Glutamine,288.1,8.1,10
HMDB00687,L-Leucine,75.9,8.1,10
HMDB00691,Malonic acid,8.6,16.2,7
HMDB00696,L-Methionine,21.1,8.1,10
HMDB00863,Isopropanol,3.4,8.1,10
HMDB00883,L-Valine,163.2,16.2,10
HMDB00929,L-Tryptophan,10.7,24.3,5
HMDB01659,Acetone,16.5,8.1,10
HMDB01873,Isobutyric acid,3.4,6.5,10
HMDB01875,Methanol,416.0,16.2,10
HMDB01881,Propylene glycol,0.0,8.1,10
HMDB04983,Dimethylsulfone,5.8,8.1,10
