# Date: 2017-06-02 00:43:15 UTC
# FID: case_3.zip
# Biofluid: Serum (Filtered)
# NMR Frequency: 500 MHz
# DSS Concentration: 833.0 µM
# Fast Profile: No
HMDB ID,Compound Name,Concentration (µM),Threshold,Confidence Score
-,DSS,833.0,0.6,
HMDB00001,1-Methylhistidine,20.0,6.3,5
HMDB00008,2-Hydroxybutyrate,13.8,6.3,9
HMDB00042,Acetic acid,40.7,4.4,10
HMDB00043,Betaine,55.1,6.3,10
HMDB00060,Acetoacetate,36.4,6.3,8
HMDB00062,L-Carnitine,39.0,6.3,9
HMDB00064,Creatine,57.0,6.3,7
HMDB00094,Citric acid,127.3,6.3,10
HMDB00097,Choline,0.0,1.9,10
HMDB00108,Ethanol,0.0,6.3,9
HMDB00122,D-Glucose,3995.7,31.3,10
HMDB00123,Glycine,249.5,6.3,10
HMDB00131,Glycerol,219.3,6.3,9
HMDB00142,Formic acid,16.5,5.0,9
HMDB00148,L-Glutamic acid,49.8,6.3,10
HMDB00157,Hypoxanthine,6.5,6.3,10
HMDB00158,L-Tyrosine,55.4,6.3,10
HMDB00159,L-Phenylalanine,81.9,6.3,10
HMDB00161,L-Alanine,239.5,12.5,10
HMDB00162,L-Proline,144.8,6.3,10
HMDB00167,L-Threonine,49.5,6.3,9
HMDB00168,L-Asparagine,7.3,18.8,3
HMDB00172,L-Isoleucine,26.5,6.3,7
HMDB00177,L-Histidine,17.3,6.3,7
HMDB00182,Lysine,94.9,6.3,9
HMDB00187,L-Serine,141.9,6.3,4
HMDB00190,L-Lactic acid,1478.2,12.5,10
HMDB00191,L-Aspartic acid,29.6,15.6,9
HMDB00214,Ornithine,10.5,18.8,6
HMDB00243,Pyruvic acid,67.4,6.3,8
HMDB00254,Succinic acid,9.2,6.3,8
HMDB00294,Urea,80.0,312.6,8
HMDB00357,3-Hydroxybutyric acid,99.7,6.3,10
HMDB00517,L-Arginine,66.8,6.3,6
HMDB00562,Creatinine,27.2,6.3,10
HMDB00641,L-Glutamine,408.9,6.3,10
HMDB00687,L-Leucine,52.4,6.3,10
HMDB00691,Malonic acid,3.7,12.5,7
HMDB00696,L-Methionine,14.0,6.3,10
HMDB00863,Isopropanol,2.3,6.3,10
HMDB00883,L-Valine,83.1,12.5,10
HMDB00929,L-Tryptophan,10.4,18.8,5
HMDB01659,Acetone,16.4,6.3,10
HMDB01873,Isobutyric acid,2.1,5.0,10
HMDB01875,Methanol,85.3,12.5,10
HMDB01881,Propylene glycol,1.7,6.3,10
HMDB04983,Dimethylsulfone,2.1,6.3,10
