# Date: 2017-06-02 00:41:24 UTC
# FID: case_5.zip
# Biofluid: Serum (Filtered)
# NMR Frequency: 500 MHz
# DSS Concentration: 833.0 µM
# Fast Profile: No
HMDB ID,Compound Name,Concentration (µM),Threshold,Confidence Score
-,DSS,833.0,0.9,
HMDB00001,1-Methylhistidine,17.9,9.1,5
HMDB00008,2-Hydroxybutyrate,31.2,9.1,9
HMDB00042,Acetic acid,38.0,6.4,10
HMDB00043,Betaine,30.5,9.1,10
HMDB00060,Acetoacetate,60.9,9.1,8
HMDB00062,L-Carnitine,43.9,9.1,9
HMDB00064,Creatine,33.7,9.1,7
HMDB00094,Citric acid,114.7,9.1,10
HMDB00097,Choline,10.3,2.7,10
HMDB00108,Ethanol,14.7,9.1,9
HMDB00122,D-Glucose,3044.2,45.5,10
HMDB00123,Glycine,375.0,9.1,10
HMDB00131,Glycerol,160.5,9.1,9
HMDB00142,Formic acid,17.7,7.3,9
HMDB00148,L-Glutamic acid,16.5,9.1,10
HMDB00157,Hypoxanthine,7.1,9.1,10
HMDB00158,L-Tyrosine,42.9,9.1,10
HMDB00159,L-Phenylalanine,45.9,9.1,10
HMDB00161,L-Alanine,269.3,18.2,10
HMDB00162,L-Proline,105.6,9.1,10
HMDB00167,L-Threonine,90.6,9.1,9
HMDB00168,L-Asparagine,0.0,27.3,3
HMDB00172,L-Isoleucine,20.4,9.1,7
HMDB00177,L-Histidine,27.1,9.1,7
HMDB00182,Lysine,93.4,9.1,9
HMDB00187,L-Serine,260.9,9.1,4
HMDB00190,L-Lactic acid,909.9,18.2,10
HMDB00191,L-Aspartic acid,52.9,22.8,9
HMDB00214,Ornithine,15.3,27.3,6
HMDB00243,Pyruvic acid,37.6,9.1,8
HMDB00254,Succinic acid,2.6,9.1,8
HMDB00294,Urea,293.1,455.2,8
HMDB00357,3-Hydroxybutyric acid,248.9,9.1,10
HMDB00517,L-Arginine,47.2,9.1,6
HMDB00562,Creatinine,38.1,9.1,10
HMDB00641,L-Glutamine,380.9,9.1,10
HMDB00687,L-Leucine,58.4,9.1,10
HMDB00691,Malonic acid,6.9,18.2,7
HMDB00696,L-Methionine,21.5,9.1,10
HMDB00863,Isopropanol,0.0,9.1,10
HMDB00883,L-Valine,114.1,18.2,10
HMDB00929,L-Tryptophan,7.7,27.3,5
HMDB01659,Acetone,40.6,9.1,10
HMDB01873,Isobutyric acid,2.9,7.3,10
HMDB01875,Methanol,316.8,18.2,10
HMDB01881,Propylene glycol,3.8,9.1,10
HMDB04983,Dimethylsulfone,6.4,9.1,10
