# Date: 2017-06-02 00:45:08 UTC
# FID: case_16.zip
# Biofluid: Serum (Filtered)
# NMR Frequency: 500 MHz
# DSS Concentration: 833.0 µM
# Fast Profile: No
HMDB ID,Compound Name,Concentration (µM),Threshold,Confidence Score
-,DSS,833.0,0.7,
HMDB00001,1-Methylhistidine,44.5,7.1,5
HMDB00008,2-Hydroxybutyrate,11.9,7.1,9
HMDB00042,Acetic acid,16.0,5.0,10
HMDB00043,Betaine,37.3,7.1,10
HMDB00060,Acetoacetate,28.0,7.1,8
HMDB00062,L-Carnitine,38.6,7.1,9
HMDB00064,Creatine,8.1,7.1,7
HMDB00094,Citric acid,101.1,7.1,10
HMDB00097,Choline,10.1,2.1,10
HMDB00108,Ethanol,14.7,7.1,9
HMDB00122,D-Glucose,3113.4,35.7,10
HMDB00123,Glycine,243.0,7.1,10
HMDB00131,Glycerol,142.0,7.1,9
HMDB00142,Formic acid,14.9,5.7,9
HMDB00148,L-Glutamic acid,19.6,7.1,10
HMDB00157,Hypoxanthine,12.8,7.1,10
HMDB00158,L-Tyrosine,45.2,7.1,10
HMDB00159,L-Phenylalanine,74.5,7.1,10
HMDB00161,L-Alanine,234.9,14.3,10
HMDB00162,L-Proline,78.8,7.1,10
HMDB00167,L-Threonine,81.7,7.1,9
HMDB00168,L-Asparagine,8.8,21.4,3
HMDB00172,L-Isoleucine,18.9,7.1,7
HMDB00177,L-Histidine,30.5,7.1,7
HMDB00182,Lysine,120.2,7.1,9
HMDB00187,L-Serine,212.3,7.1,4
HMDB00190,L-Lactic acid,872.4,14.3,10
HMDB00191,L-Aspartic acid,21.6,17.9,9
HMDB00214,Ornithine,7.8,21.4,6
HMDB00243,Pyruvic acid,57.1,7.1,8
HMDB00254,Succinic acid,4.3,7.1,8
HMDB00294,Urea,755.4,357.1,8
HMDB00357,3-Hydroxybutyric acid,102.6,7.1,10
HMDB00517,L-Arginine,67.9,7.1,6
HMDB00562,Creatinine,50.4,7.1,10
HMDB00641,L-Glutamine,449.7,7.1,10
HMDB00687,L-Leucine,58.8,7.1,10
HMDB00691,Malonic acid,5.2,14.3,7
HMDB00696,L-Methionine,16.6,7.1,10
HMDB00863,Isopropanol,0.7,7.1,10
HMDB00883,L-Valine,96.1,14.3,10
HMDB00929,L-Tryptophan,20.3,21.4,5
HMDB01659,Acetone,38.8,7.1,10
HMDB01873,Isobutyric acid,3.1,5.7,10
HMDB01875,Methanol,192.3,14.3,10
HMDB01881,Propylene glycol,3.0,7.1,10
HMDB04983,Dimethylsulfone,6.5,7.1,10
