# Date: 2017-06-02 00:45:45 UTC
# FID: case_19.zip
# Biofluid: Serum (Filtered)
# NMR Frequency: 500 MHz
# DSS Concentration: 833.0 µM
# Fast Profile: No
HMDB ID,Compound Name,Concentration (µM),Threshold,Confidence Score
-,DSS,833.0,0.7,
HMDB00001,1-Methylhistidine,23.1,7.1,5
HMDB00008,2-Hydroxybutyrate,38.2,7.1,9
HMDB00042,Acetic acid,26.1,5.0,10
HMDB00043,Betaine,52.7,7.1,10
HMDB00060,Acetoacetate,43.7,7.1,8
HMDB00062,L-Carnitine,45.6,7.1,9
HMDB00064,Creatine,35.0,7.1,7
HMDB00094,Citric acid,94.7,7.1,10
HMDB00097,Choline,0.0,2.1,10
HMDB00108,Ethanol,38.1,7.1,9
HMDB00122,D-Glucose,6280.5,35.7,10
HMDB00123,Glycine,144.8,7.1,10
HMDB00131,Glycerol,0.0,7.1,9
HMDB00142,Formic acid,20.3,5.7,9
HMDB00148,L-Glutamic acid,2.2,7.1,10
HMDB00157,Hypoxanthine,8.5,7.1,10
HMDB00158,L-Tyrosine,52.9,7.1,10
HMDB00159,L-Phenylalanine,46.0,7.1,10
HMDB00161,L-Alanine,285.2,14.3,10
HMDB00162,L-Proline,98.7,7.1,10
HMDB00167,L-Threonine,63.7,7.1,9
HMDB00168,L-Asparagine,38.6,21.4,3
HMDB00172,L-Isoleucine,40.5,7.1,7
HMDB00177,L-Histidine,40.6,7.1,7
HMDB00182,Lysine,96.0,7.1,9
HMDB00187,L-Serine,212.3,7.1,4
HMDB00190,L-Lactic acid,913.9,14.3,10
HMDB00191,L-Aspartic acid,21.0,17.9,9
HMDB00214,Ornithine,24.0,21.4,6
HMDB00243,Pyruvic acid,55.4,7.1,8
HMDB00254,Succinic acid,4.0,7.1,8
HMDB00294,Urea,427.4,357.3,8
HMDB00357,3-Hydroxybutyric acid,140.3,7.1,10
HMDB00517,L-Arginine,40.7,7.1,6
HMDB00562,Creatinine,30.9,7.1,10
HMDB00641,L-Glutamine,414.0,7.1,10
HMDB00687,L-Leucine,67.4,7.1,10
HMDB00691,Malonic acid,6.2,14.3,7
HMDB00696,L-Methionine,16.7,7.1,10
HMDB00863,Isopropanol,2.6,7.1,10
HMDB00883,L-Valine,140.7,14.3,10
HMDB00929,L-Tryptophan,5.9,21.4,5
HMDB01659,Acetone,27.1,7.1,10
HMDB01873,Isobutyric acid,3.8,5.7,10
HMDB01875,Methanol,280.3,14.3,10
HMDB01881,Propylene glycol,9.4,7.1,10
HMDB04983,Dimethylsulfone,3.2,7.1,10
