# Date: 2017-06-02 00:44:44 UTC
# FID: case_14.zip
# Biofluid: Serum (Filtered)
# NMR Frequency: 500 MHz
# DSS Concentration: 833.0 µM
# Fast Profile: No
HMDB ID,Compound Name,Concentration (µM),Threshold,Confidence Score
-,DSS,833.0,0.6,
HMDB00001,1-Methylhistidine,55.9,5.9,5
HMDB00008,2-Hydroxybutyrate,12.8,5.9,9
HMDB00042,Acetic acid,12.1,4.1,10
HMDB00043,Betaine,32.6,5.9,10
HMDB00060,Acetoacetate,9.6,5.9,8
HMDB00062,L-Carnitine,40.5,5.9,9
HMDB00064,Creatine,20.4,5.9,7
HMDB00094,Citric acid,92.1,5.9,10
HMDB00097,Choline,3.6,1.8,10
HMDB00108,Ethanol,10.4,5.9,9
HMDB00122,D-Glucose,7132.7,29.4,10
HMDB00123,Glycine,216.9,5.9,10
HMDB00131,Glycerol,235.7,5.9,9
HMDB00142,Formic acid,11.5,4.7,9
HMDB00148,L-Glutamic acid,87.5,5.9,10
HMDB00157,Hypoxanthine,8.4,5.9,10
HMDB00158,L-Tyrosine,50.9,5.9,10
HMDB00159,L-Phenylalanine,66.2,5.9,10
HMDB00161,L-Alanine,338.2,11.8,10
HMDB00162,L-Proline,86.5,5.9,10
HMDB00167,L-Threonine,60.8,5.9,9
HMDB00168,L-Asparagine,26.0,17.7,3
HMDB00172,L-Isoleucine,25.5,5.9,7
HMDB00177,L-Histidine,18.7,5.9,7
HMDB00182,Lysine,82.1,5.9,9
HMDB00187,L-Serine,93.8,5.9,4
HMDB00190,L-Lactic acid,1580.1,11.8,10
HMDB00191,L-Aspartic acid,50.2,14.7,9
HMDB00214,Ornithine,6.3,17.7,6
HMDB00243,Pyruvic acid,78.3,5.9,8
HMDB00254,Succinic acid,7.7,5.9,8
HMDB00294,Urea,1741.6,294.2,8
HMDB00357,3-Hydroxybutyric acid,26.5,5.9,10
HMDB00517,L-Arginine,28.9,5.9,6
HMDB00562,Creatinine,53.9,5.9,10
HMDB00641,L-Glutamine,367.2,5.9,10
HMDB00687,L-Leucine,52.7,5.9,10
HMDB00691,Malonic acid,7.6,11.8,7
HMDB00696,L-Methionine,20.5,5.9,10
HMDB00863,Isopropanol,0.0,5.9,10
HMDB00883,L-Valine,111.3,11.8,10
HMDB00929,L-Tryptophan,16.0,17.7,5
HMDB01659,Acetone,18.0,5.9,10
HMDB01873,Isobutyric acid,3.4,4.7,10
HMDB01875,Methanol,142.1,11.8,10
HMDB01881,Propylene glycol,5.3,5.9,10
HMDB04983,Dimethylsulfone,12.4,5.9,10
