# Date: 2017-06-02 00:41:47 UTC
# FID: case_7.zip
# Biofluid: Serum (Filtered)
# NMR Frequency: 500 MHz
# DSS Concentration: 833.0 µM
# Fast Profile: No
HMDB ID,Compound Name,Concentration (µM),Threshold,Confidence Score
-,DSS,833.0,0.9,
HMDB00001,1-Methylhistidine,31.0,8.7,5
HMDB00008,2-Hydroxybutyrate,33.6,8.7,9
HMDB00042,Acetic acid,32.0,6.1,10
HMDB00043,Betaine,39.4,8.7,10
HMDB00060,Acetoacetate,40.9,8.7,8
HMDB00062,L-Carnitine,40.0,8.7,9
HMDB00064,Creatine,15.5,8.7,7
HMDB00094,Citric acid,116.0,8.7,10
HMDB00097,Choline,7.3,2.6,10
HMDB00108,Ethanol,15.8,8.7,9
HMDB00122,D-Glucose,3877.1,43.5,10
HMDB00123,Glycine,166.6,8.7,10
HMDB00131,Glycerol,326.7,8.7,9
HMDB00142,Formic acid,25.4,7.0,9
HMDB00148,L-Glutamic acid,15.1,8.7,10
HMDB00157,Hypoxanthine,14.7,8.7,10
HMDB00158,L-Tyrosine,43.6,8.7,10
HMDB00159,L-Phenylalanine,59.6,8.7,10
HMDB00161,L-Alanine,242.4,17.4,10
HMDB00162,L-Proline,77.1,8.7,10
HMDB00167,L-Threonine,69.9,8.7,9
HMDB00168,L-Asparagine,35.4,26.1,3
HMDB00172,L-Isoleucine,26.1,8.7,7
HMDB00177,L-Histidine,42.8,8.7,7
HMDB00182,Lysine,82.5,8.7,9
HMDB00187,L-Serine,156.8,8.7,4
HMDB00190,L-Lactic acid,793.8,17.4,10
HMDB00191,L-Aspartic acid,47.2,21.7,9
HMDB00214,Ornithine,18.1,26.1,6
HMDB00243,Pyruvic acid,40.6,8.7,8
HMDB00254,Succinic acid,4.5,8.7,8
HMDB00294,Urea,1996.4,434.8,8
HMDB00357,3-Hydroxybutyric acid,195.9,8.7,10
HMDB00517,L-Arginine,64.9,8.7,6
HMDB00562,Creatinine,63.0,8.7,10
HMDB00641,L-Glutamine,333.6,8.7,10
HMDB00687,L-Leucine,57.5,8.7,10
HMDB00691,Malonic acid,7.0,17.4,7
HMDB00696,L-Methionine,26.0,8.7,10
HMDB00863,Isopropanol,10.4,8.7,10
HMDB00883,L-Valine,106.5,17.4,10
HMDB00929,L-Tryptophan,14.1,26.1,5
HMDB01659,Acetone,27.2,8.7,10
HMDB01873,Isobutyric acid,5.6,7.0,10
HMDB01875,Methanol,417.4,17.4,10
HMDB01881,Propylene glycol,15.6,8.7,10
HMDB04983,Dimethylsulfone,11.8,8.7,10
