# Date: 2017-06-02 00:42:35 UTC
# FID: case_10.zip
# Biofluid: Serum (Filtered)
# NMR Frequency: 500 MHz
# DSS Concentration: 833.0 µM
# Fast Profile: No
HMDB ID,Compound Name,Concentration (µM),Threshold,Confidence Score
-,DSS,833.0,0.8,
HMDB00001,1-Methylhistidine,29.3,7.7,5
HMDB00008,2-Hydroxybutyrate,34.8,7.7,9
HMDB00042,Acetic acid,22.9,5.4,10
HMDB00043,Betaine,51.3,7.7,10
HMDB00060,Acetoacetate,41.0,7.7,8
HMDB00062,L-Carnitine,47.3,7.7,9
HMDB00064,Creatine,12.7,7.7,7
HMDB00094,Citric acid,99.4,7.7,10
HMDB00097,Choline,6.7,2.3,10
HMDB00108,Ethanol,29.7,7.7,9
HMDB00122,D-Glucose,2858.1,38.6,10
HMDB00123,Glycine,164.1,7.7,10
HMDB00131,Glycerol,197.0,7.7,9
HMDB00142,Formic acid,17.8,6.2,9
HMDB00148,L-Glutamic acid,31.7,7.7,10
HMDB00157,Hypoxanthine,19.4,7.7,10
HMDB00158,L-Tyrosine,60.8,7.7,10
HMDB00159,L-Phenylalanine,52.2,7.7,10
HMDB00161,L-Alanine,281.4,15.5,10
HMDB00162,L-Proline,56.5,7.7,10
HMDB00167,L-Threonine,43.4,7.7,9
HMDB00168,L-Asparagine,0.0,23.2,3
HMDB00172,L-Isoleucine,28.9,7.7,7
HMDB00177,L-Histidine,39.7,7.7,7
HMDB00182,Lysine,72.9,7.7,9
HMDB00187,L-Serine,175.7,7.7,4
HMDB00190,L-Lactic acid,934.0,15.5,10
HMDB00191,L-Aspartic acid,18.9,19.3,9
HMDB00214,Ornithine,9.5,23.2,6
HMDB00243,Pyruvic acid,32.4,7.7,8
HMDB00254,Succinic acid,6.6,7.7,8
HMDB00294,Urea,2323.3,386.4,8
HMDB00357,3-Hydroxybutyric acid,166.4,7.7,10
HMDB00517,L-Arginine,55.0,7.7,6
HMDB00562,Creatinine,47.5,7.7,10
HMDB00641,L-Glutamine,428.0,7.7,10
HMDB00687,L-Leucine,68.8,7.7,10
HMDB00691,Malonic acid,5.2,15.5,7
HMDB00696,L-Methionine,22.7,7.7,10
HMDB00863,Isopropanol,1.6,7.7,10
HMDB00883,L-Valine,137.9,15.5,10
HMDB00929,L-Tryptophan,9.6,23.2,5
HMDB01659,Acetone,48.3,7.7,10
HMDB01873,Isobutyric acid,3.1,6.2,10
HMDB01875,Methanol,191.6,15.5,10
HMDB01881,Propylene glycol,10.8,7.7,10
HMDB04983,Dimethylsulfone,6.1,7.7,10
