# Date: 2017-06-02 00:41:58 UTC
# FID: case_8.zip
# Biofluid: Serum (Filtered)
# NMR Frequency: 500 MHz
# DSS Concentration: 833.0 µM
# Fast Profile: No
HMDB ID,Compound Name,Concentration (µM),Threshold,Confidence Score
-,DSS,833.0,0.7,
HMDB00001,1-Methylhistidine,56.7,6.6,5
HMDB00008,2-Hydroxybutyrate,38.7,6.6,9
HMDB00042,Acetic acid,22.9,4.6,10
HMDB00043,Betaine,45.4,6.6,10
HMDB00060,Acetoacetate,22.4,6.6,8
HMDB00062,L-Carnitine,30.3,6.6,9
HMDB00064,Creatine,21.8,6.6,7
HMDB00094,Citric acid,114.8,6.6,10
HMDB00097,Choline,7.0,2.0,10
HMDB00108,Ethanol,27.3,6.6,9
HMDB00122,D-Glucose,3078.9,33.0,10
HMDB00123,Glycine,148.2,6.6,10
HMDB00131,Glycerol,373.4,6.6,9
HMDB00142,Formic acid,18.9,5.3,9
HMDB00148,L-Glutamic acid,57.7,6.6,10
HMDB00157,Hypoxanthine,16.3,6.6,10
HMDB00158,L-Tyrosine,42.7,6.6,10
HMDB00159,L-Phenylalanine,56.2,6.6,10
HMDB00161,L-Alanine,335.9,13.2,10
HMDB00162,L-Proline,123.1,6.6,10
HMDB00167,L-Threonine,64.4,6.6,9
HMDB00168,L-Asparagine,5.6,19.8,3
HMDB00172,L-Isoleucine,32.6,6.6,7
HMDB00177,L-Histidine,10.0,6.6,7
HMDB00182,Lysine,102.4,6.6,9
HMDB00187,L-Serine,145.8,6.6,4
HMDB00190,L-Lactic acid,1280.9,13.2,10
HMDB00191,L-Aspartic acid,24.3,16.5,9
HMDB00214,Ornithine,0.0,19.8,6
HMDB00243,Pyruvic acid,104.2,6.6,8
HMDB00254,Succinic acid,3.1,6.6,8
HMDB00294,Urea,871.5,330.4,8
HMDB00357,3-Hydroxybutyric acid,66.5,6.6,10
HMDB00517,L-Arginine,34.2,6.6,6
HMDB00562,Creatinine,49.7,6.6,10
HMDB00641,L-Glutamine,339.3,6.6,10
HMDB00687,L-Leucine,66.6,6.6,10
HMDB00691,Malonic acid,7.0,13.2,7
HMDB00696,L-Methionine,17.1,6.6,10
HMDB00863,Isopropanol,1.5,6.6,10
HMDB00883,L-Valine,123.3,13.2,10
HMDB00929,L-Tryptophan,18.1,19.8,5
HMDB01659,Acetone,22.4,6.6,10
HMDB01873,Isobutyric acid,7.2,5.3,10
HMDB01875,Methanol,378.7,13.2,10
HMDB01881,Propylene glycol,11.5,6.6,10
HMDB04983,Dimethylsulfone,7.1,6.6,10
