# Date: 2017-06-02 00:44:12 UTC
# FID: case_12.zip
# Biofluid: Serum (Filtered)
# NMR Frequency: 500 MHz
# DSS Concentration: 833.0 µM
# Fast Profile: No
HMDB ID,Compound Name,Concentration (µM),Threshold,Confidence Score
-,DSS,833.0,0.7,
HMDB00001,1-Methylhistidine,63.1,6.7,5
HMDB00008,2-Hydroxybutyrate,23.4,6.7,9
HMDB00042,Acetic acid,15.5,4.7,10
HMDB00043,Betaine,24.7,6.7,10
HMDB00060,Acetoacetate,7.1,6.7,8
HMDB00062,L-Carnitine,28.0,6.7,9
HMDB00064,Creatine,32.2,6.7,7
HMDB00094,Citric acid,75.3,6.7,10
HMDB00097,Choline,6.0,2.0,10
HMDB00108,Ethanol,5.9,6.7,9
HMDB00122,D-Glucose,3745.9,33.3,10
HMDB00123,Glycine,385.6,6.7,10
HMDB00131,Glycerol,288.4,6.7,9
HMDB00142,Formic acid,16.1,5.3,9
HMDB00148,L-Glutamic acid,41.5,6.7,10
HMDB00157,Hypoxanthine,19.0,6.7,10
HMDB00158,L-Tyrosine,45.1,6.7,10
HMDB00159,L-Phenylalanine,52.7,6.7,10
HMDB00161,L-Alanine,216.4,13.3,10
HMDB00162,L-Proline,85.8,6.7,10
HMDB00167,L-Threonine,80.4,6.7,9
HMDB00168,L-Asparagine,5.4,20.0,3
HMDB00172,L-Isoleucine,22.1,6.7,7
HMDB00177,L-Histidine,39.1,6.7,7
HMDB00182,Lysine,104.0,6.7,9
HMDB00187,L-Serine,174.8,6.7,4
HMDB00190,L-Lactic acid,984.6,13.3,10
HMDB00191,L-Aspartic acid,19.8,16.7,9
HMDB00214,Ornithine,0.0,20.0,6
HMDB00243,Pyruvic acid,48.3,6.7,8
HMDB00254,Succinic acid,5.2,6.7,8
HMDB00294,Urea,961.4,333.4,8
HMDB00357,3-Hydroxybutyric acid,32.7,6.7,10
HMDB00517,L-Arginine,41.3,6.7,6
HMDB00562,Creatinine,49.2,6.7,10
HMDB00641,L-Glutamine,404.2,6.7,10
HMDB00687,L-Leucine,58.1,6.7,10
HMDB00691,Malonic acid,6.5,13.3,7
HMDB00696,L-Methionine,22.9,6.7,10
HMDB00863,Isopropanol,0.7,6.7,10
HMDB00883,L-Valine,99.6,13.3,10
HMDB00929,L-Tryptophan,16.9,20.0,5
HMDB01659,Acetone,16.7,6.7,10
HMDB01873,Isobutyric acid,3.3,5.3,10
HMDB01875,Methanol,126.0,13.3,10
HMDB01881,Propylene glycol,6.9,6.7,10
HMDB04983,Dimethylsulfone,2.0,6.7,10
