# Date: 2017-06-02 00:45:59 UTC
# FID: case_20.zip
# Biofluid: Serum (Filtered)
# NMR Frequency: 500 MHz
# DSS Concentration: 833.0 µM
# Fast Profile: No
HMDB ID,Compound Name,Concentration (µM),Threshold,Confidence Score
-,DSS,833.0,0.8,
HMDB00001,1-Methylhistidine,46.3,8.3,5
HMDB00008,2-Hydroxybutyrate,30.6,8.3,9
HMDB00042,Acetic acid,21.2,5.8,10
HMDB00043,Betaine,48.6,8.3,10
HMDB00060,Acetoacetate,13.2,8.3,8
HMDB00062,L-Carnitine,34.9,8.3,9
HMDB00064,Creatine,35.4,8.3,7
HMDB00094,Citric acid,65.9,8.3,10
HMDB00097,Choline,9.0,2.5,10
HMDB00108,Ethanol,24.5,8.3,9
HMDB00122,D-Glucose,3460.0,41.7,10
HMDB00123,Glycine,248.9,8.3,10
HMDB00131,Glycerol,287.7,8.3,9
HMDB00142,Formic acid,15.8,6.7,9
HMDB00148,L-Glutamic acid,46.7,8.3,10
HMDB00157,Hypoxanthine,10.2,8.3,10
HMDB00158,L-Tyrosine,48.2,8.3,10
HMDB00159,L-Phenylalanine,58.1,8.3,10
HMDB00161,L-Alanine,332.0,16.7,10
HMDB00162,L-Proline,91.9,8.3,10
HMDB00167,L-Threonine,55.1,8.3,9
HMDB00168,L-Asparagine,7.9,25.0,3
HMDB00172,L-Isoleucine,23.5,8.3,7
HMDB00177,L-Histidine,18.4,8.3,7
HMDB00182,Lysine,88.5,8.3,9
HMDB00187,L-Serine,173.7,8.3,4
HMDB00190,L-Lactic acid,1732.1,16.7,10
HMDB00191,L-Aspartic acid,22.6,20.9,9
HMDB00214,Ornithine,19.4,25.0,6
HMDB00243,Pyruvic acid,93.3,8.3,8
HMDB00254,Succinic acid,7.0,8.3,8
HMDB00294,Urea,736.4,417.1,8
HMDB00357,3-Hydroxybutyric acid,24.6,8.3,10
HMDB00517,L-Arginine,25.3,8.3,6
HMDB00562,Creatinine,47.3,8.3,10
HMDB00641,L-Glutamine,319.3,8.3,10
HMDB00687,L-Leucine,52.9,8.3,10
HMDB00691,Malonic acid,0.6,16.7,7
HMDB00696,L-Methionine,13.8,8.3,10
HMDB00863,Isopropanol,0.5,8.3,10
HMDB00883,L-Valine,102.5,16.7,10
HMDB00929,L-Tryptophan,13.4,25.0,5
HMDB01659,Acetone,13.7,8.3,10
HMDB01873,Isobutyric acid,6.6,6.7,10
HMDB01875,Methanol,283.7,16.7,10
HMDB01881,Propylene glycol,0.0,8.3,10
HMDB04983,Dimethylsulfone,100.1,8.3,10
