# Date: 2017-06-02 00:45:17 UTC
# FID: case_17.zip
# Biofluid: Serum (Filtered)
# NMR Frequency: 500 MHz
# DSS Concentration: 833.0 µM
# Fast Profile: No
HMDB ID,Compound Name,Concentration (µM),Threshold,Confidence Score
-,DSS,833.0,0.7,
HMDB00001,1-Methylhistidine,49.2,6.9,5
HMDB00008,2-Hydroxybutyrate,28.1,6.9,9
HMDB00042,Acetic acid,21.2,4.8,10
HMDB00043,Betaine,45.0,6.9,10
HMDB00060,Acetoacetate,57.0,6.9,8
HMDB00062,L-Carnitine,40.1,6.9,9
HMDB00064,Creatine,28.6,6.9,7
HMDB00094,Citric acid,105.2,6.9,10
HMDB00097,Choline,11.8,2.1,10
HMDB00108,Ethanol,0.0,6.9,9
HMDB00122,D-Glucose,3546.1,34.3,10
HMDB00123,Glycine,248.8,6.9,10
HMDB00131,Glycerol,273.8,6.9,9
HMDB00142,Formic acid,21.8,5.5,9
HMDB00148,L-Glutamic acid,21.4,6.9,10
HMDB00157,Hypoxanthine,6.9,6.9,10
HMDB00158,L-Tyrosine,48.0,6.9,10
HMDB00159,L-Phenylalanine,53.0,6.9,10
HMDB00161,L-Alanine,196.4,13.7,10
HMDB00162,L-Proline,152.7,6.9,10
HMDB00167,L-Threonine,89.8,6.9,9
HMDB00168,L-Asparagine,1.5,20.6,3
HMDB00172,L-Isoleucine,32.5,6.9,7
HMDB00177,L-Histidine,19.8,6.9,7
HMDB00182,Lysine,89.2,6.9,9
HMDB00187,L-Serine,196.9,6.9,4
HMDB00190,L-Lactic acid,905.8,13.7,10
HMDB00191,L-Aspartic acid,24.9,17.2,9
HMDB00214,Ornithine,0.0,20.6,6
HMDB00243,Pyruvic acid,38.3,6.9,8
HMDB00254,Succinic acid,4.4,6.9,8
HMDB00294,Urea,494.6,343.1,8
HMDB00357,3-Hydroxybutyric acid,108.7,6.9,10
HMDB00517,L-Arginine,97.2,6.9,6
HMDB00562,Creatinine,48.3,6.9,10
HMDB00641,L-Glutamine,431.5,6.9,10
HMDB00687,L-Leucine,66.1,6.9,10
HMDB00691,Malonic acid,13.0,13.7,7
HMDB00696,L-Methionine,24.3,6.9,10
HMDB00863,Isopropanol,0.0,6.9,10
HMDB00883,L-Valine,117.1,13.7,10
HMDB00929,L-Tryptophan,8.7,20.6,5
HMDB01659,Acetone,19.5,6.9,10
HMDB01873,Isobutyric acid,3.8,5.5,10
HMDB01875,Methanol,71.7,13.7,10
HMDB01881,Propylene glycol,0.0,6.9,10
HMDB04983,Dimethylsulfone,2.4,6.9,10
