# Date: 2017-06-02 00:40:58 UTC
# FID: case_2.zip
# Biofluid: Serum (Filtered)
# NMR Frequency: 500 MHz
# DSS Concentration: 833.0 µM
# Fast Profile: No
HMDB ID,Compound Name,Concentration (µM),Threshold,Confidence Score
-,DSS,833.0,0.9,
HMDB00001,1-Methylhistidine,40.9,8.5,5
HMDB00008,2-Hydroxybutyrate,25.1,8.5,9
HMDB00042,Acetic acid,27.6,6.0,10
HMDB00043,Betaine,49.8,8.5,10
HMDB00060,Acetoacetate,33.1,8.5,8
HMDB00062,L-Carnitine,28.4,8.5,9
HMDB00064,Creatine,48.2,8.5,7
HMDB00094,Citric acid,118.2,8.5,10
HMDB00097,Choline,11.6,2.6,10
HMDB00108,Ethanol,0.0,8.5,9
HMDB00122,D-Glucose,3836.3,42.7,10
HMDB00123,Glycine,231.8,8.5,10
HMDB00131,Glycerol,349.5,8.5,9
HMDB00142,Formic acid,15.0,6.8,9
HMDB00148,L-Glutamic acid,54.3,8.5,10
HMDB00157,Hypoxanthine,12.6,8.5,10
HMDB00158,L-Tyrosine,53.2,8.5,10
HMDB00159,L-Phenylalanine,61.1,8.5,10
HMDB00161,L-Alanine,299.7,17.1,10
HMDB00162,L-Proline,114.9,8.5,10
HMDB00167,L-Threonine,82.6,8.5,9
HMDB00168,L-Asparagine,51.1,25.6,3
HMDB00172,L-Isoleucine,33.0,8.5,7
HMDB00177,L-Histidine,57.0,8.5,7
HMDB00182,Lysine,66.6,8.5,9
HMDB00187,L-Serine,211.4,8.5,4
HMDB00190,L-Lactic acid,1491.6,17.1,10
HMDB00191,L-Aspartic acid,39.5,21.4,9
HMDB00214,Ornithine,42.3,25.6,6
HMDB00243,Pyruvic acid,46.1,8.5,8
HMDB00254,Succinic acid,7.4,8.5,8
HMDB00294,Urea,1077.1,427.4,8
HMDB00357,3-Hydroxybutyric acid,119.4,8.5,10
HMDB00517,L-Arginine,81.1,8.5,6
HMDB00562,Creatinine,50.5,8.5,10
HMDB00641,L-Glutamine,470.2,8.5,10
HMDB00687,L-Leucine,59.2,8.5,10
HMDB00691,Malonic acid,20.8,17.1,7
HMDB00696,L-Methionine,26.4,8.5,10
HMDB00863,Isopropanol,0.1,8.5,10
HMDB00883,L-Valine,107.6,17.1,10
HMDB00929,L-Tryptophan,15.5,25.6,5
HMDB01659,Acetone,18.3,8.5,10
HMDB01873,Isobutyric acid,2.2,6.8,10
HMDB01875,Methanol,70.5,17.1,10
HMDB01881,Propylene glycol,0.0,8.5,10
HMDB04983,Dimethylsulfone,6.5,8.5,10
