# Date: 2017-06-02 00:43:17 UTC
# FID: case_4.zip
# Biofluid: Serum (Filtered)
# NMR Frequency: 500 MHz
# DSS Concentration: 833.0 µM
# Fast Profile: No
HMDB ID,Compound Name,Concentration (µM),Threshold,Confidence Score
-,DSS,833.0,0.7,
HMDB00001,1-Methylhistidine,20.2,7.1,5
HMDB00008,2-Hydroxybutyrate,31.8,7.1,9
HMDB00042,Acetic acid,29.8,5.0,10
HMDB00043,Betaine,43.5,7.1,10
HMDB00060,Acetoacetate,28.6,7.1,8
HMDB00062,L-Carnitine,45.1,7.1,9
HMDB00064,Creatine,48.9,7.1,7
HMDB00094,Citric acid,102.8,7.1,10
HMDB00097,Choline,9.7,2.1,10
HMDB00108,Ethanol,20.9,7.1,9
HMDB00122,D-Glucose,3540.7,35.7,10
HMDB00123,Glycine,203.2,7.1,10
HMDB00131,Glycerol,286.7,7.1,9
HMDB00142,Formic acid,17.8,5.7,9
HMDB00148,L-Glutamic acid,46.1,7.1,10
HMDB00157,Hypoxanthine,6.2,7.1,10
HMDB00158,L-Tyrosine,60.4,7.1,10
HMDB00159,L-Phenylalanine,58.2,7.1,10
HMDB00161,L-Alanine,290.2,14.3,10
HMDB00162,L-Proline,111.9,7.1,10
HMDB00167,L-Threonine,48.9,7.1,9
HMDB00168,L-Asparagine,6.8,21.4,3
HMDB00172,L-Isoleucine,32.7,7.1,7
HMDB00177,L-Histidine,15.8,7.1,7
HMDB00182,Lysine,88.1,7.1,9
HMDB00187,L-Serine,210.6,7.1,4
HMDB00190,L-Lactic acid,1111.9,14.3,10
HMDB00191,L-Aspartic acid,33.6,17.8,9
HMDB00214,Ornithine,7.2,21.4,6
HMDB00243,Pyruvic acid,25.0,7.1,8
HMDB00254,Succinic acid,13.4,7.1,8
HMDB00294,Urea,109.4,356.6,8
HMDB00357,3-Hydroxybutyric acid,92.1,7.1,10
HMDB00517,L-Arginine,48.2,7.1,6
HMDB00562,Creatinine,43.0,7.1,10
HMDB00641,L-Glutamine,243.9,7.1,10
HMDB00687,L-Leucine,72.2,7.1,10
HMDB00691,Malonic acid,5.9,14.3,7
HMDB00696,L-Methionine,13.1,7.1,10
HMDB00863,Isopropanol,3.7,7.1,10
HMDB00883,L-Valine,131.2,14.3,10
HMDB00929,L-Tryptophan,12.1,21.4,5
HMDB01659,Acetone,22.2,7.1,10
HMDB01873,Isobutyric acid,4.8,5.7,10
HMDB01875,Methanol,306.2,14.3,10
HMDB01881,Propylene glycol,5.9,7.1,10
HMDB04983,Dimethylsulfone,176.4,7.1,10
