# Date: 2017-06-02 00:40:48 UTC
# FID: case_1.zip
# Biofluid: Serum (Filtered)
# NMR Frequency: 500 MHz
# DSS Concentration: 833.0 µM
# Fast Profile: No
HMDB ID,Compound Name,Concentration (µM),Threshold,Confidence Score
-,DSS,833.0,1.2,
HMDB00001,1-Methylhistidine,17.9,12.5,5
HMDB00008,2-Hydroxybutyrate,25.2,12.5,9
HMDB00042,Acetic acid,16.7,8.7,10
HMDB00043,Betaine,60.8,12.5,10
HMDB00060,Acetoacetate,35.5,12.5,8
HMDB00062,L-Carnitine,30.3,12.5,9
HMDB00064,Creatine,31.7,12.5,7
HMDB00094,Citric acid,136.8,12.5,10
HMDB00097,Choline,11.9,3.7,10
HMDB00108,Ethanol,11.4,12.5,9
HMDB00122,D-Glucose,6303.1,62.3,10
HMDB00123,Glycine,384.4,12.5,10
HMDB00131,Glycerol,164.6,12.5,9
HMDB00142,Formic acid,23.0,10.0,9
HMDB00148,L-Glutamic acid,19.7,12.5,10
HMDB00157,Hypoxanthine,10.8,12.5,10
HMDB00158,L-Tyrosine,52.7,12.5,10
HMDB00159,L-Phenylalanine,47.1,12.5,10
HMDB00161,L-Alanine,320.5,24.9,10
HMDB00162,L-Proline,120.8,12.5,10
HMDB00167,L-Threonine,94.1,12.5,9
HMDB00168,L-Asparagine,48.6,37.4,3
HMDB00172,L-Isoleucine,21.6,12.5,7
HMDB00177,L-Histidine,29.2,12.5,7
HMDB00182,Lysine,81.3,12.5,9
HMDB00187,L-Serine,305.9,12.5,4
HMDB00190,L-Lactic acid,1368.1,24.9,10
HMDB00191,L-Aspartic acid,34.7,31.1,9
HMDB00214,Ornithine,0.0,37.4,6
HMDB00243,Pyruvic acid,43.3,12.5,8
HMDB00254,Succinic acid,4.9,12.5,8
HMDB00294,Urea,881.9,622.6,8
HMDB00357,3-Hydroxybutyric acid,84.1,12.5,10
HMDB00517,L-Arginine,66.5,12.5,6
HMDB00562,Creatinine,65.0,12.5,10
HMDB00641,L-Glutamine,452.1,12.5,10
HMDB00687,L-Leucine,44.7,12.5,10
HMDB00691,Malonic acid,25.2,24.9,7
HMDB00696,L-Methionine,21.2,12.5,10
HMDB00863,Isopropanol,2.8,12.5,10
HMDB00883,L-Valine,99.8,24.9,10
HMDB00929,L-Tryptophan,10.6,37.4,5
HMDB01659,Acetone,16.2,12.5,10
HMDB01873,Isobutyric acid,3.7,10.0,10
HMDB01875,Methanol,83.1,24.9,10
HMDB01881,Propylene glycol,10.7,12.5,10
HMDB04983,Dimethylsulfone,14.5,12.5,10
