# Date: 2017-06-02 00:43:56 UTC
# FID: case_11.zip
# Biofluid: Serum (Filtered)
# NMR Frequency: 500 MHz
# DSS Concentration: 833.0 µM
# Fast Profile: No
HMDB ID,Compound Name,Concentration (µM),Threshold,Confidence Score
-,DSS,833.0,0.6,
HMDB00001,1-Methylhistidine,19.5,6.0,5
HMDB00008,2-Hydroxybutyrate,8.9,6.0,9
HMDB00042,Acetic acid,14.8,4.2,10
HMDB00043,Betaine,38.5,6.0,10
HMDB00060,Acetoacetate,19.1,6.0,8
HMDB00062,L-Carnitine,36.7,6.0,9
HMDB00064,Creatine,11.5,6.0,7
HMDB00094,Citric acid,82.5,6.0,10
HMDB00097,Choline,4.2,1.8,10
HMDB00108,Ethanol,4.6,6.0,9
HMDB00122,D-Glucose,2994.8,29.8,10
HMDB00123,Glycine,147.6,6.0,10
HMDB00131,Glycerol,152.4,6.0,9
HMDB00142,Formic acid,21.9,4.8,9
HMDB00148,L-Glutamic acid,51.1,6.0,10
HMDB00157,Hypoxanthine,8.2,6.0,10
HMDB00158,L-Tyrosine,56.2,6.0,10
HMDB00159,L-Phenylalanine,52.1,6.0,10
HMDB00161,L-Alanine,260.2,11.9,10
HMDB00162,L-Proline,86.8,6.0,10
HMDB00167,L-Threonine,48.8,6.0,9
HMDB00168,L-Asparagine,26.5,17.9,3
HMDB00172,L-Isoleucine,26.4,6.0,7
HMDB00177,L-Histidine,37.1,6.0,7
HMDB00182,Lysine,81.9,6.0,9
HMDB00187,L-Serine,128.4,6.0,4
HMDB00190,L-Lactic acid,668.2,11.9,10
HMDB00191,L-Aspartic acid,18.9,14.9,9
HMDB00214,Ornithine,8.6,17.9,6
HMDB00243,Pyruvic acid,26.9,6.0,8
HMDB00254,Succinic acid,3.7,6.0,8
HMDB00294,Urea,1321.8,298.5,8
HMDB00357,3-Hydroxybutyric acid,53.7,6.0,10
HMDB00517,L-Arginine,51.0,6.0,6
HMDB00562,Creatinine,43.7,6.0,10
HMDB00641,L-Glutamine,355.2,6.0,10
HMDB00687,L-Leucine,50.0,6.0,10
HMDB00691,Malonic acid,6.1,11.9,7
HMDB00696,L-Methionine,15.5,6.0,10
HMDB00863,Isopropanol,1.0,6.0,10
HMDB00883,L-Valine,111.3,11.9,10
HMDB00929,L-Tryptophan,8.0,17.9,5
HMDB01659,Acetone,27.5,6.0,10
HMDB01873,Isobutyric acid,2.3,4.8,10
HMDB01875,Methanol,124.5,11.9,10
HMDB01881,Propylene glycol,0.4,6.0,10
HMDB04983,Dimethylsulfone,4.7,6.0,10
