# Date: 2017-06-02 00:44:57 UTC
# FID: case_15.zip
# Biofluid: Serum (Filtered)
# NMR Frequency: 500 MHz
# DSS Concentration: 833.0 µM
# Fast Profile: No
HMDB ID,Compound Name,Concentration (µM),Threshold,Confidence Score
-,DSS,833.0,0.7,
HMDB00001,1-Methylhistidine,47.8,7.3,5
HMDB00008,2-Hydroxybutyrate,23.4,7.3,9
HMDB00042,Acetic acid,26.2,5.1,10
HMDB00043,Betaine,50.2,7.3,10
HMDB00060,Acetoacetate,46.7,7.3,8
HMDB00062,L-Carnitine,30.5,7.3,9
HMDB00064,Creatine,9.7,7.3,7
HMDB00094,Citric acid,87.1,7.3,10
HMDB00097,Choline,0.0,2.2,10
HMDB00108,Ethanol,0.0,7.3,9
HMDB00122,D-Glucose,4099.8,36.5,10
HMDB00123,Glycine,180.9,7.3,10
HMDB00131,Glycerol,233.8,7.3,9
HMDB00142,Formic acid,16.7,5.8,9
HMDB00148,L-Glutamic acid,26.8,7.3,10
HMDB00157,Hypoxanthine,13.3,7.3,10
HMDB00158,L-Tyrosine,44.5,7.3,10
HMDB00159,L-Phenylalanine,52.1,7.3,10
HMDB00161,L-Alanine,245.9,14.6,10
HMDB00162,L-Proline,222.7,7.3,10
HMDB00167,L-Threonine,59.8,7.3,9
HMDB00168,L-Asparagine,11.7,21.9,3
HMDB00172,L-Isoleucine,26.5,7.3,7
HMDB00177,L-Histidine,34.8,7.3,7
HMDB00182,Lysine,92.5,7.3,9
HMDB00187,L-Serine,145.6,7.3,4
HMDB00190,L-Lactic acid,948.7,14.6,10
HMDB00191,L-Aspartic acid,32.1,18.3,9
HMDB00214,Ornithine,0.0,21.9,6
HMDB00243,Pyruvic acid,42.1,7.3,8
HMDB00254,Succinic acid,5.8,7.3,8
HMDB00294,Urea,1208.6,365.4,8
HMDB00357,3-Hydroxybutyric acid,166.3,7.3,10
HMDB00517,L-Arginine,14.9,7.3,6
HMDB00562,Creatinine,42.1,7.3,10
HMDB00641,L-Glutamine,425.0,7.3,10
HMDB00687,L-Leucine,59.8,7.3,10
HMDB00691,Malonic acid,2.4,14.6,7
HMDB00696,L-Methionine,13.1,7.3,10
HMDB00863,Isopropanol,0.0,7.3,10
HMDB00883,L-Valine,115.7,14.6,10
HMDB00929,L-Tryptophan,10.3,21.9,5
HMDB01659,Acetone,56.2,7.3,10
HMDB01873,Isobutyric acid,5.1,5.8,10
HMDB01875,Methanol,161.0,14.6,10
HMDB01881,Propylene glycol,0.0,7.3,10
HMDB04983,Dimethylsulfone,12.7,7.3,10
