# Date: 2017-06-02 00:44:34 UTC
# FID: case_13.zip
# Biofluid: Serum (Filtered)
# NMR Frequency: 500 MHz
# DSS Concentration: 833.0 µM
# Fast Profile: No
HMDB ID,Compound Name,Concentration (µM),Threshold,Confidence Score
-,DSS,833.0,0.5,
HMDB00001,1-Methylhistidine,42.4,5.5,5
HMDB00008,2-Hydroxybutyrate,57.2,5.5,9
HMDB00042,Acetic acid,16.2,3.8,10
HMDB00043,Betaine,22.5,5.5,10
HMDB00060,Acetoacetate,13.6,5.5,8
HMDB00062,L-Carnitine,44.0,5.5,9
HMDB00064,Creatine,30.8,5.5,7
HMDB00094,Citric acid,108.9,5.5,10
HMDB00097,Choline,9.3,1.6,10
HMDB00108,Ethanol,7.8,5.5,9
HMDB00122,D-Glucose,3670.1,27.4,10
HMDB00123,Glycine,211.6,5.5,10
HMDB00131,Glycerol,334.3,5.5,9
HMDB00142,Formic acid,27.7,4.4,9
HMDB00148,L-Glutamic acid,91.7,5.5,10
HMDB00157,Hypoxanthine,6.8,5.5,10
HMDB00158,L-Tyrosine,64.1,5.5,10
HMDB00159,L-Phenylalanine,62.6,5.5,10
HMDB00161,L-Alanine,435.8,11.0,10
HMDB00162,L-Proline,224.8,5.5,10
HMDB00167,L-Threonine,93.5,5.5,9
HMDB00168,L-Asparagine,56.7,16.4,3
HMDB00172,L-Isoleucine,33.0,5.5,7
HMDB00177,L-Histidine,28.4,5.5,7
HMDB00182,Lysine,126.0,5.5,9
HMDB00187,L-Serine,175.6,5.5,4
HMDB00190,L-Lactic acid,1551.0,11.0,10
HMDB00191,L-Aspartic acid,35.8,13.7,9
HMDB00214,Ornithine,0.0,16.4,6
HMDB00243,Pyruvic acid,88.8,5.5,8
HMDB00254,Succinic acid,4.2,5.5,8
HMDB00294,Urea,1757.0,274.0,8
HMDB00357,3-Hydroxybutyric acid,55.7,5.5,10
HMDB00517,L-Arginine,58.0,5.5,6
HMDB00562,Creatinine,43.9,5.5,10
HMDB00641,L-Glutamine,365.1,5.5,10
HMDB00687,L-Leucine,71.8,5.5,10
HMDB00691,Malonic acid,4.2,11.0,7
HMDB00696,L-Methionine,18.6,5.5,10
HMDB00863,Isopropanol,5.5,5.5,10
HMDB00883,L-Valine,135.9,11.0,10
HMDB00929,L-Tryptophan,12.1,16.4,5
HMDB01659,Acetone,21.7,5.5,10
HMDB01873,Isobutyric acid,8.9,4.4,10
HMDB01875,Methanol,165.9,11.0,10
HMDB01881,Propylene glycol,6.0,5.5,10
HMDB04983,Dimethylsulfone,5.7,5.5,10
