# Date: 2017-06-02 00:46:39 UTC
# FID: control_2.zip
# Biofluid: Serum (Filtered)
# NMR Frequency: 500 MHz
# DSS Concentration: 833.0 µM
# Fast Profile: No
HMDB ID,Compound Name,Concentration (µM),Threshold,Confidence Score
-,DSS,833.0,0.7,
HMDB00001,1-Methylhistidine,36.9,6.9,5
HMDB00008,2-Hydroxybutyrate,6.4,6.9,9
HMDB00042,Acetic acid,17.3,4.9,10
HMDB00043,Betaine,51.9,6.9,10
HMDB00060,Acetoacetate,8.9,6.9,8
HMDB00062,L-Carnitine,33.5,6.9,9
HMDB00064,Creatine,37.4,6.9,7
HMDB00094,Citric acid,79.7,6.9,10
HMDB00097,Choline,7.9,2.1,10
HMDB00108,Ethanol,18.8,6.9,9
HMDB00122,D-Glucose,3401.0,34.7,10
HMDB00123,Glycine,224.2,6.9,10
HMDB00131,Glycerol,252.1,6.9,9
HMDB00142,Formic acid,16.7,5.5,9
HMDB00148,L-Glutamic acid,44.9,6.9,10
HMDB00157,Hypoxanthine,5.7,6.9,10
HMDB00158,L-Tyrosine,47.8,6.9,10
HMDB00159,L-Phenylalanine,49.3,6.9,10
HMDB00161,L-Alanine,413.1,13.9,10
HMDB00162,L-Proline,135.9,6.9,10
HMDB00167,L-Threonine,56.0,6.9,9
HMDB00168,L-Asparagine,45.2,20.8,3
HMDB00172,L-Isoleucine,17.8,6.9,7
HMDB00177,L-Histidine,43.6,6.9,7
HMDB00182,Lysine,78.8,6.9,9
HMDB00187,L-Serine,261.2,6.9,4
HMDB00190,L-Lactic acid,1814.6,13.9,10
HMDB00191,L-Aspartic acid,45.0,17.3,9
HMDB00214,Ornithine,32.3,20.8,6
HMDB00243,Pyruvic acid,111.3,6.9,8
HMDB00254,Succinic acid,4.1,6.9,8
HMDB00294,Urea,258.9,346.9,8
HMDB00357,3-Hydroxybutyric acid,25.4,6.9,10
HMDB00517,L-Arginine,53.3,6.9,6
HMDB00562,Creatinine,35.3,6.9,10
HMDB00641,L-Glutamine,449.0,6.9,10
HMDB00687,L-Leucine,48.5,6.9,10
HMDB00691,Malonic acid,15.1,13.9,7
HMDB00696,L-Methionine,18.1,6.9,10
HMDB00863,Isopropanol,5.2,6.9,10
HMDB00883,L-Valine,105.5,13.9,10
HMDB00929,L-Tryptophan,11.4,20.8,5
HMDB01659,Acetone,7.4,6.9,10
HMDB01873,Isobutyric acid,4.8,5.5,10
HMDB01875,Methanol,66.3,13.9,10
HMDB01881,Propylene glycol,17.4,6.9,10
HMDB04983,Dimethylsulfone,3.2,6.9,10
