# Date: 2017-06-02 00:47:58 UTC
# FID: control_8.zip
# Biofluid: Serum (Filtered)
# NMR Frequency: 500 MHz
# DSS Concentration: 833.0 µM
# Fast Profile: No
HMDB ID,Compound Name,Concentration (µM),Threshold,Confidence Score
-,DSS,833.0,0.7,
HMDB00001,1-Methylhistidine,22.4,6.9,5
HMDB00008,2-Hydroxybutyrate,21.2,6.9,9
HMDB00042,Acetic acid,53.0,4.8,10
HMDB00043,Betaine,51.6,6.9,10
HMDB00060,Acetoacetate,27.0,6.9,8
HMDB00062,L-Carnitine,45.7,6.9,9
HMDB00064,Creatine,27.6,6.9,7
HMDB00094,Citric acid,104.3,6.9,10
HMDB00097,Choline,10.2,2.1,10
HMDB00108,Ethanol,32.4,6.9,9
HMDB00122,D-Glucose,3772.7,34.5,10
HMDB00123,Glycine,386.6,6.9,10
HMDB00131,Glycerol,165.4,6.9,9
HMDB00142,Formic acid,35.1,5.5,9
HMDB00148,L-Glutamic acid,28.2,6.9,10
HMDB00157,Hypoxanthine,7.7,6.9,10
HMDB00158,L-Tyrosine,78.9,6.9,10
HMDB00159,L-Phenylalanine,69.4,6.9,10
HMDB00161,L-Alanine,270.8,13.8,10
HMDB00162,L-Proline,125.0,6.9,10
HMDB00167,L-Threonine,58.5,6.9,9
HMDB00168,L-Asparagine,0.3,20.7,3
HMDB00172,L-Isoleucine,41.2,6.9,7
HMDB00177,L-Histidine,51.9,6.9,7
HMDB00182,Lysine,65.3,6.9,9
HMDB00187,L-Serine,396.7,6.9,4
HMDB00190,L-Lactic acid,740.5,13.8,10
HMDB00191,L-Aspartic acid,30.0,17.2,9
HMDB00214,Ornithine,10.7,20.7,6
HMDB00243,Pyruvic acid,40.7,6.9,8
HMDB00254,Succinic acid,5.0,6.9,8
HMDB00294,Urea,342.2,344.7,8
HMDB00357,3-Hydroxybutyric acid,58.0,6.9,10
HMDB00517,L-Arginine,52.6,6.9,6
HMDB00562,Creatinine,58.6,6.9,10
HMDB00641,L-Glutamine,403.8,6.9,10
HMDB00687,L-Leucine,64.5,6.9,10
HMDB00691,Malonic acid,13.3,13.8,7
HMDB00696,L-Methionine,29.4,6.9,10
HMDB00863,Isopropanol,1.0,6.9,10
HMDB00883,L-Valine,125.5,13.8,10
HMDB00929,L-Tryptophan,18.5,20.7,5
HMDB01659,Acetone,17.6,6.9,10
HMDB01873,Isobutyric acid,5.5,5.5,10
HMDB01875,Methanol,367.0,13.8,10
HMDB01881,Propylene glycol,9.4,6.9,10
HMDB04983,Dimethylsulfone,3.9,6.9,10
