# Date: 2017-06-02 16:38:32 UTC
# FID: control_11.zip
# Biofluid: Serum (Filtered)
# NMR Frequency: 500 MHz
# DSS Concentration: 833.0 µM
# Fast Profile: No
HMDB ID,Compound Name,Concentration (µM),Threshold,Confidence Score
-,DSS,833.0,0.6,
HMDB00001,1-Methylhistidine,51.4,6.5,5
HMDB00008,2-Hydroxybutyrate,0.0,6.5,9
HMDB00042,Acetic acid,25.7,4.5,10
HMDB00043,Betaine,57.6,6.5,10
HMDB00060,Acetoacetate,10.6,6.5,8
HMDB00062,L-Carnitine,49.1,6.5,9
HMDB00064,Creatine,37.3,6.5,7
HMDB00094,Citric acid,79.2,6.5,10
HMDB00097,Choline,9.6,1.9,10
HMDB00108,Ethanol,19.6,6.5,9
HMDB00122,D-Glucose,3653.0,32.5,10
HMDB00123,Glycine,289.1,6.5,10
HMDB00131,Glycerol,268.5,6.5,9
HMDB00142,Formic acid,17.8,5.2,9
HMDB00148,L-Glutamic acid,24.1,6.5,10
HMDB00157,Hypoxanthine,8.5,6.5,10
HMDB00158,L-Tyrosine,81.3,6.5,10
HMDB00159,L-Phenylalanine,77.8,6.5,10
HMDB00161,L-Alanine,474.2,13.0,10
HMDB00162,L-Proline,156.8,6.5,10
HMDB00167,L-Threonine,65.3,6.5,9
HMDB00168,L-Asparagine,0.0,19.5,3
HMDB00172,L-Isoleucine,51.8,6.5,7
HMDB00177,L-Histidine,61.6,6.5,7
HMDB00182,Lysine,127.8,6.5,9
HMDB00187,L-Serine,213.4,6.5,4
HMDB00190,L-Lactic acid,1238.8,13.0,10
HMDB00191,L-Aspartic acid,27.3,16.2,9
HMDB00214,Ornithine,5.5,19.5,6
HMDB00243,Pyruvic acid,56.9,6.5,8
HMDB00254,Succinic acid,5.0,6.5,8
HMDB00294,Urea,329.8,324.8,8
HMDB00357,3-Hydroxybutyric acid,13.2,6.5,10
HMDB00517,L-Arginine,106.5,6.5,6
HMDB00562,Creatinine,57.1,6.5,10
HMDB00641,L-Glutamine,503.2,6.5,10
HMDB00687,L-Leucine,87.5,6.5,10
HMDB00691,Malonic acid,0.0,13.0,7
HMDB00696,L-Methionine,28.7,6.5,10
HMDB00863,Isopropanol,0.8,6.5,10
HMDB00883,L-Valine,146.3,13.0,10
HMDB00929,L-Tryptophan,14.5,19.5,5
HMDB01659,Acetone,11.1,6.5,10
HMDB01873,Isobutyric acid,5.6,5.2,10
HMDB01875,Methanol,238.0,13.0,10
HMDB01881,Propylene glycol,14.6,6.5,10
HMDB04983,Dimethylsulfone,337.6,6.5,10
