# Date: 2017-06-02 16:40:49 UTC
# FID: control_18.zip
# Biofluid: Serum (Filtered)
# NMR Frequency: 500 MHz
# DSS Concentration: 833.0 µM
# Fast Profile: No
HMDB ID,Compound Name,Concentration (µM),Threshold,Confidence Score
-,DSS,833.0,0.7,
HMDB00001,1-Methylhistidine,51.3,7.2,5
HMDB00008,2-Hydroxybutyrate,12.9,7.2,9
HMDB00042,Acetic acid,29.2,5.1,10
HMDB00043,Betaine,87.7,7.2,10
HMDB00060,Acetoacetate,8.5,7.2,8
HMDB00062,L-Carnitine,50.6,7.2,9
HMDB00064,Creatine,53.6,7.2,7
HMDB00094,Citric acid,98.7,7.2,10
HMDB00097,Choline,0.0,2.2,10
HMDB00108,Ethanol,0.0,7.2,9
HMDB00122,D-Glucose,4425.9,36.2,10
HMDB00123,Glycine,282.4,7.2,10
HMDB00131,Glycerol,244.2,7.2,9
HMDB00142,Formic acid,25.5,5.8,9
HMDB00148,L-Glutamic acid,43.3,7.2,10
HMDB00157,Hypoxanthine,12.2,7.2,10
HMDB00158,L-Tyrosine,69.1,7.2,10
HMDB00159,L-Phenylalanine,78.1,7.2,10
HMDB00161,L-Alanine,356.4,14.5,10
HMDB00162,L-Proline,104.6,7.2,10
HMDB00167,L-Threonine,93.2,7.2,9
HMDB00168,L-Asparagine,40.8,21.7,3
HMDB00172,L-Isoleucine,30.2,7.2,7
HMDB00177,L-Histidine,42.5,7.2,7
HMDB00182,Lysine,103.8,7.2,9
HMDB00187,L-Serine,190.1,7.2,4
HMDB00190,L-Lactic acid,1204.3,14.5,10
HMDB00191,L-Aspartic acid,26.6,18.1,9
HMDB00214,Ornithine,0.0,21.7,6
HMDB00243,Pyruvic acid,55.9,7.2,8
HMDB00254,Succinic acid,7.0,7.2,8
HMDB00294,Urea,1304.3,362.0,8
HMDB00357,3-Hydroxybutyric acid,27.2,7.2,10
HMDB00517,L-Arginine,51.3,7.2,6
HMDB00562,Creatinine,46.9,7.2,10
HMDB00641,L-Glutamine,519.8,7.2,10
HMDB00687,L-Leucine,60.6,7.2,10
HMDB00691,Malonic acid,0.0,14.5,7
HMDB00696,L-Methionine,24.9,7.2,10
HMDB00863,Isopropanol,0.7,7.2,10
HMDB00883,L-Valine,101.9,14.5,10
HMDB00929,L-Tryptophan,11.4,21.7,5
HMDB01659,Acetone,12.7,7.2,10
HMDB01873,Isobutyric acid,4.6,5.8,10
HMDB01875,Methanol,180.9,14.5,10
HMDB01881,Propylene glycol,0.0,7.2,10
HMDB04983,Dimethylsulfone,516.7,7.2,10
