# Date: 2017-06-02 00:47:03 UTC
# FID: control_4.zip
# Biofluid: Serum (Filtered)
# NMR Frequency: 500 MHz
# DSS Concentration: 833.0 µM
# Fast Profile: No
HMDB ID,Compound Name,Concentration (µM),Threshold,Confidence Score
-,DSS,833.0,0.7,
HMDB00001,1-Methylhistidine,87.5,7.1,5
HMDB00008,2-Hydroxybutyrate,8.3,7.1,9
HMDB00042,Acetic acid,21.3,5.0,10
HMDB00043,Betaine,40.8,7.1,10
HMDB00060,Acetoacetate,15.5,7.1,8
HMDB00062,L-Carnitine,50.3,7.1,9
HMDB00064,Creatine,43.8,7.1,7
HMDB00094,Citric acid,67.7,7.1,10
HMDB00097,Choline,13.2,2.1,10
HMDB00108,Ethanol,3.4,7.1,9
HMDB00122,D-Glucose,2995.3,35.7,10
HMDB00123,Glycine,375.8,7.1,10
HMDB00131,Glycerol,171.5,7.1,9
HMDB00142,Formic acid,17.8,5.7,9
HMDB00148,L-Glutamic acid,34.7,7.1,10
HMDB00157,Hypoxanthine,9.4,7.1,10
HMDB00158,L-Tyrosine,67.2,7.1,10
HMDB00159,L-Phenylalanine,65.1,7.1,10
HMDB00161,L-Alanine,303.9,14.3,10
HMDB00162,L-Proline,173.6,7.1,10
HMDB00167,L-Threonine,81.5,7.1,9
HMDB00168,L-Asparagine,0.0,21.4,3
HMDB00172,L-Isoleucine,35.3,7.1,7
HMDB00177,L-Histidine,20.5,7.1,7
HMDB00182,Lysine,119.5,7.1,9
HMDB00187,L-Serine,169.9,7.1,4
HMDB00190,L-Lactic acid,881.2,14.3,10
HMDB00191,L-Aspartic acid,14.3,17.8,9
HMDB00214,Ornithine,0.0,21.4,6
HMDB00243,Pyruvic acid,52.5,7.1,8
HMDB00254,Succinic acid,5.1,7.1,8
HMDB00294,Urea,865.5,357.0,8
HMDB00357,3-Hydroxybutyric acid,12.2,7.1,10
HMDB00517,L-Arginine,84.4,7.1,6
HMDB00562,Creatinine,44.4,7.1,10
HMDB00641,L-Glutamine,481.7,7.1,10
HMDB00687,L-Leucine,72.3,7.1,10
HMDB00691,Malonic acid,13.4,14.3,7
HMDB00696,L-Methionine,24.1,7.1,10
HMDB00863,Isopropanol,3.7,7.1,10
HMDB00883,L-Valine,128.2,14.3,10
HMDB00929,L-Tryptophan,20.6,21.4,5
HMDB01659,Acetone,10.1,7.1,10
HMDB01873,Isobutyric acid,2.0,5.7,10
HMDB01875,Methanol,58.1,14.3,10
HMDB01881,Propylene glycol,7.1,7.1,10
HMDB04983,Dimethylsulfone,3.0,7.1,10
