# Date: 2017-06-02 00:46:26 UTC
# FID: control_1.zip
# Biofluid: Serum (Filtered)
# NMR Frequency: 500 MHz
# DSS Concentration: 833.0 µM
# Fast Profile: No
HMDB ID,Compound Name,Concentration (µM),Threshold,Confidence Score
-,DSS,833.0,1.2,
HMDB00001,1-Methylhistidine,26.1,11.5,5
HMDB00008,2-Hydroxybutyrate,14.2,11.5,9
HMDB00042,Acetic acid,11.2,8.1,10
HMDB00043,Betaine,50.1,11.5,10
HMDB00060,Acetoacetate,9.6,11.5,8
HMDB00062,L-Carnitine,29.6,11.5,9
HMDB00064,Creatine,49.7,11.5,7
HMDB00094,Citric acid,99.7,11.5,10
HMDB00097,Choline,8.2,3.5,10
HMDB00108,Ethanol,6.3,11.5,9
HMDB00122,D-Glucose,3815.0,57.7,10
HMDB00123,Glycine,217.7,11.5,10
HMDB00131,Glycerol,290.6,11.5,9
HMDB00142,Formic acid,17.4,9.2,9
HMDB00148,L-Glutamic acid,45.6,11.5,10
HMDB00157,Hypoxanthine,8.3,11.5,10
HMDB00158,L-Tyrosine,47.5,11.5,10
HMDB00159,L-Phenylalanine,44.2,11.5,10
HMDB00161,L-Alanine,342.4,23.1,10
HMDB00162,L-Proline,184.1,11.5,10
HMDB00167,L-Threonine,154.3,11.5,9
HMDB00168,L-Asparagine,64.5,34.6,3
HMDB00172,L-Isoleucine,17.5,11.5,7
HMDB00177,L-Histidine,65.8,11.5,7
HMDB00182,Lysine,70.9,11.5,9
HMDB00187,L-Serine,441.5,11.5,4
HMDB00190,L-Lactic acid,1071.2,23.1,10
HMDB00191,L-Aspartic acid,74.5,28.8,9
HMDB00214,Ornithine,0.0,34.6,6
HMDB00243,Pyruvic acid,47.2,11.5,8
HMDB00254,Succinic acid,4.0,11.5,8
HMDB00294,Urea,371.9,577.0,8
HMDB00357,3-Hydroxybutyric acid,21.7,11.5,10
HMDB00517,L-Arginine,89.5,11.5,6
HMDB00562,Creatinine,49.6,11.5,10
HMDB00641,L-Glutamine,440.9,11.5,10
HMDB00687,L-Leucine,52.7,11.5,10
HMDB00691,Malonic acid,10.8,23.1,7
HMDB00696,L-Methionine,28.5,11.5,10
HMDB00863,Isopropanol,1.8,11.5,10
HMDB00883,L-Valine,96.7,23.1,10
HMDB00929,L-Tryptophan,10.6,34.6,5
HMDB01659,Acetone,6.3,11.5,10
HMDB01873,Isobutyric acid,4.0,9.2,10
HMDB01875,Methanol,97.4,23.1,10
HMDB01881,Propylene glycol,8.7,11.5,10
HMDB04983,Dimethylsulfone,2.6,11.5,10
