# Date: 2017-06-02 16:40:18 UTC
# FID: control_16.zip
# Biofluid: Serum (Filtered)
# NMR Frequency: 500 MHz
# DSS Concentration: 833.0 µM
# Fast Profile: No
HMDB ID,Compound Name,Concentration (µM),Threshold,Confidence Score
-,DSS,833.0,0.7,
HMDB00001,1-Methylhistidine,35.2,6.5,5
HMDB00008,2-Hydroxybutyrate,6.8,6.5,9
HMDB00042,Acetic acid,17.0,4.6,10
HMDB00043,Betaine,34.2,6.5,10
HMDB00060,Acetoacetate,9.4,6.5,8
HMDB00062,L-Carnitine,37.9,6.5,9
HMDB00064,Creatine,6.3,6.5,7
HMDB00094,Citric acid,54.4,6.5,10
HMDB00097,Choline,6.3,2.0,10
HMDB00108,Ethanol,2.8,6.5,9
HMDB00122,D-Glucose,3197.4,32.7,10
HMDB00123,Glycine,219.5,6.5,10
HMDB00131,Glycerol,148.7,6.5,9
HMDB00142,Formic acid,26.3,5.2,9
HMDB00148,L-Glutamic acid,48.5,6.5,10
HMDB00157,Hypoxanthine,13.0,6.5,10
HMDB00158,L-Tyrosine,80.4,6.5,10
HMDB00159,L-Phenylalanine,74.9,6.5,10
HMDB00161,L-Alanine,417.1,13.1,10
HMDB00162,L-Proline,201.0,6.5,10
HMDB00167,L-Threonine,92.6,6.5,9
HMDB00168,L-Asparagine,55.0,19.6,3
HMDB00172,L-Isoleucine,53.3,6.5,7
HMDB00177,L-Histidine,34.6,6.5,7
HMDB00182,Lysine,127.6,6.5,9
HMDB00187,L-Serine,137.4,6.5,4
HMDB00190,L-Lactic acid,1084.7,13.1,10
HMDB00191,L-Aspartic acid,32.8,16.4,9
HMDB00214,Ornithine,8.0,19.6,6
HMDB00243,Pyruvic acid,53.0,6.5,8
HMDB00254,Succinic acid,4.7,6.5,8
HMDB00294,Urea,884.6,327.1,8
HMDB00357,3-Hydroxybutyric acid,13.1,6.5,10
HMDB00517,L-Arginine,59.4,6.5,6
HMDB00562,Creatinine,40.3,6.5,10
HMDB00641,L-Glutamine,403.8,6.5,10
HMDB00687,L-Leucine,91.9,6.5,10
HMDB00691,Malonic acid,1.5,13.1,7
HMDB00696,L-Methionine,29.4,6.5,10
HMDB00863,Isopropanol,2.3,6.5,10
HMDB00883,L-Valine,152.2,13.1,10
HMDB00929,L-Tryptophan,15.8,19.6,5
HMDB01659,Acetone,15.0,6.5,10
HMDB01873,Isobutyric acid,2.8,5.2,10
HMDB01875,Methanol,121.4,13.1,10
HMDB01881,Propylene glycol,11.0,6.5,10
HMDB04983,Dimethylsulfone,2.3,6.5,10
