# Date: 2017-06-02 00:47:13 UTC
# FID: control_5.zip
# Biofluid: Serum (Filtered)
# NMR Frequency: 500 MHz
# DSS Concentration: 833.0 µM
# Fast Profile: No
HMDB ID,Compound Name,Concentration (µM),Threshold,Confidence Score
-,DSS,833.0,0.7,
HMDB00001,1-Methylhistidine,16.2,6.5,5
HMDB00008,2-Hydroxybutyrate,14.5,6.5,9
HMDB00042,Acetic acid,35.3,4.6,10
HMDB00043,Betaine,73.6,6.5,10
HMDB00060,Acetoacetate,10.8,6.5,8
HMDB00062,L-Carnitine,50.9,6.5,9
HMDB00064,Creatine,26.0,6.5,7
HMDB00094,Citric acid,107.0,6.5,10
HMDB00097,Choline,13.9,2.0,10
HMDB00108,Ethanol,35.7,6.5,9
HMDB00122,D-Glucose,4108.3,32.7,10
HMDB00123,Glycine,223.1,6.5,10
HMDB00131,Glycerol,173.6,6.5,9
HMDB00142,Formic acid,19.9,5.2,9
HMDB00148,L-Glutamic acid,43.9,6.5,10
HMDB00157,Hypoxanthine,8.6,6.5,10
HMDB00158,L-Tyrosine,54.0,6.5,10
HMDB00159,L-Phenylalanine,70.5,6.5,10
HMDB00161,L-Alanine,363.6,13.1,10
HMDB00162,L-Proline,144.1,6.5,10
HMDB00167,L-Threonine,66.3,6.5,9
HMDB00168,L-Asparagine,56.0,19.6,3
HMDB00172,L-Isoleucine,32.4,6.5,7
HMDB00177,L-Histidine,75.3,6.5,7
HMDB00182,Lysine,102.8,6.5,9
HMDB00187,L-Serine,277.6,6.5,4
HMDB00190,L-Lactic acid,1398.3,13.1,10
HMDB00191,L-Aspartic acid,36.6,16.4,9
HMDB00214,Ornithine,38.1,19.6,6
HMDB00243,Pyruvic acid,68.5,6.5,8
HMDB00254,Succinic acid,4.7,6.5,8
HMDB00294,Urea,1852.9,327.1,8
HMDB00357,3-Hydroxybutyric acid,11.3,6.5,10
HMDB00517,L-Arginine,46.8,6.5,6
HMDB00562,Creatinine,56.1,6.5,10
HMDB00641,L-Glutamine,456.2,6.5,10
HMDB00687,L-Leucine,69.5,6.5,10
HMDB00691,Malonic acid,8.2,13.1,7
HMDB00696,L-Methionine,19.6,6.5,10
HMDB00863,Isopropanol,4.7,6.5,10
HMDB00883,L-Valine,136.6,13.1,10
HMDB00929,L-Tryptophan,7.1,19.6,5
HMDB01659,Acetone,13.9,6.5,10
HMDB01873,Isobutyric acid,3.9,5.2,10
HMDB01875,Methanol,319.9,13.1,10
HMDB01881,Propylene glycol,23.5,6.5,10
HMDB04983,Dimethylsulfone,9.4,6.5,10
