# Date: 2017-06-02 16:38:47 UTC
# FID: control_12.zip
# Biofluid: Serum (Filtered)
# NMR Frequency: 500 MHz
# DSS Concentration: 833.0 µM
# Fast Profile: No
HMDB ID,Compound Name,Concentration (µM),Threshold,Confidence Score
-,DSS,833.0,0.7,
HMDB00001,1-Methylhistidine,52.0,7.3,5
HMDB00008,2-Hydroxybutyrate,6.2,7.3,9
HMDB00042,Acetic acid,23.8,5.1,10
HMDB00043,Betaine,35.8,7.3,10
HMDB00060,Acetoacetate,6.1,7.3,8
HMDB00062,L-Carnitine,53.1,7.3,9
HMDB00064,Creatine,35.4,7.3,7
HMDB00094,Citric acid,77.9,7.3,10
HMDB00097,Choline,11.1,2.2,10
HMDB00108,Ethanol,39.1,7.3,9
HMDB00122,D-Glucose,4207.6,36.5,10
HMDB00123,Glycine,149.9,7.3,10
HMDB00131,Glycerol,221.3,7.3,9
HMDB00142,Formic acid,17.6,5.8,9
HMDB00148,L-Glutamic acid,47.2,7.3,10
HMDB00157,Hypoxanthine,7.3,7.3,10
HMDB00158,L-Tyrosine,61.9,7.3,10
HMDB00159,L-Phenylalanine,53.5,7.3,10
HMDB00161,L-Alanine,295.5,14.6,10
HMDB00162,L-Proline,125.2,7.3,10
HMDB00167,L-Threonine,76.2,7.3,9
HMDB00168,L-Asparagine,54.9,21.9,3
HMDB00172,L-Isoleucine,43.2,7.3,7
HMDB00177,L-Histidine,26.4,7.3,7
HMDB00182,Lysine,104.2,7.3,9
HMDB00187,L-Serine,142.2,7.3,4
HMDB00190,L-Lactic acid,811.7,14.6,10
HMDB00191,L-Aspartic acid,34.5,18.2,9
HMDB00214,Ornithine,6.8,21.9,6
HMDB00243,Pyruvic acid,38.5,7.3,8
HMDB00254,Succinic acid,4.3,7.3,8
HMDB00294,Urea,3458.6,364.9,8
HMDB00357,3-Hydroxybutyric acid,5.7,7.3,10
HMDB00517,L-Arginine,53.1,7.3,6
HMDB00562,Creatinine,69.6,7.3,10
HMDB00641,L-Glutamine,393.8,7.3,10
HMDB00687,L-Leucine,73.1,7.3,10
HMDB00691,Malonic acid,7.2,14.6,7
HMDB00696,L-Methionine,14.7,7.3,10
HMDB00863,Isopropanol,0.7,7.3,10
HMDB00883,L-Valine,155.1,14.6,10
HMDB00929,L-Tryptophan,8.6,21.9,5
HMDB01659,Acetone,11.1,7.3,10
HMDB01873,Isobutyric acid,2.5,5.8,10
HMDB01875,Methanol,332.0,14.6,10
HMDB01881,Propylene glycol,3.6,7.3,10
HMDB04983,Dimethylsulfone,10.8,7.3,10
