# Date: 2017-06-02 00:48:24 UTC
# FID: control_10.zip
# Biofluid: Serum (Filtered)
# NMR Frequency: 500 MHz
# DSS Concentration: 833.0 µM
# Fast Profile: No
HMDB ID,Compound Name,Concentration (µM),Threshold,Confidence Score
-,DSS,833.0,0.7,
HMDB00001,1-Methylhistidine,22.9,7.0,5
HMDB00008,2-Hydroxybutyrate,0.0,7.0,9
HMDB00042,Acetic acid,21.5,4.9,10
HMDB00043,Betaine,65.0,7.0,10
HMDB00060,Acetoacetate,5.6,7.0,8
HMDB00062,L-Carnitine,36.9,7.0,9
HMDB00064,Creatine,41.5,7.0,7
HMDB00094,Citric acid,90.4,7.0,10
HMDB00097,Choline,13.2,2.1,10
HMDB00108,Ethanol,34.4,7.0,9
HMDB00122,D-Glucose,2786.6,35.2,10
HMDB00123,Glycine,370.9,7.0,10
HMDB00131,Glycerol,133.7,7.0,9
HMDB00142,Formic acid,19.8,5.6,9
HMDB00148,L-Glutamic acid,64.4,7.0,10
HMDB00157,Hypoxanthine,20.5,7.0,10
HMDB00158,L-Tyrosine,77.1,7.0,10
HMDB00159,L-Phenylalanine,70.4,7.0,10
HMDB00161,L-Alanine,328.6,14.1,10
HMDB00162,L-Proline,156.3,7.0,10
HMDB00167,L-Threonine,106.8,7.0,9
HMDB00168,L-Asparagine,0.0,21.1,3
HMDB00172,L-Isoleucine,45.9,7.0,7
HMDB00177,L-Histidine,82.8,7.0,7
HMDB00182,Lysine,148.5,7.0,9
HMDB00187,L-Serine,360.5,7.0,4
HMDB00190,L-Lactic acid,1405.7,14.1,10
HMDB00191,L-Aspartic acid,52.6,17.6,9
HMDB00214,Ornithine,29.0,21.1,6
HMDB00243,Pyruvic acid,51.6,7.0,8
HMDB00254,Succinic acid,5.6,7.0,8
HMDB00294,Urea,660.8,351.7,8
HMDB00357,3-Hydroxybutyric acid,12.9,7.0,10
HMDB00517,L-Arginine,121.8,7.0,6
HMDB00562,Creatinine,42.3,7.0,10
HMDB00641,L-Glutamine,617.2,7.0,10
HMDB00687,L-Leucine,84.1,7.0,10
HMDB00691,Malonic acid,13.5,14.1,7
HMDB00696,L-Methionine,38.6,7.0,10
HMDB00863,Isopropanol,1.5,7.0,10
HMDB00883,L-Valine,132.6,14.1,10
HMDB00929,L-Tryptophan,11.1,21.1,5
HMDB01659,Acetone,12.7,7.0,10
HMDB01873,Isobutyric acid,5.6,5.6,10
HMDB01875,Methanol,322.3,14.1,10
HMDB01881,Propylene glycol,5.9,7.0,10
HMDB04983,Dimethylsulfone,7.2,7.0,10
