# Date: 2017-06-02 16:40:29 UTC
# FID: control_17.zip
# Biofluid: Serum (Filtered)
# NMR Frequency: 500 MHz
# DSS Concentration: 833.0 µM
# Fast Profile: No
HMDB ID,Compound Name,Concentration (µM),Threshold,Confidence Score
-,DSS,833.0,0.6,
HMDB00001,1-Methylhistidine,0.0,6.2,5
HMDB00008,2-Hydroxybutyrate,13.5,6.2,9
HMDB00042,Acetic acid,25.4,4.4,10
HMDB00043,Betaine,46.9,6.2,10
HMDB00060,Acetoacetate,7.0,6.2,8
HMDB00062,L-Carnitine,27.4,6.2,9
HMDB00064,Creatine,22.1,6.2,7
HMDB00094,Citric acid,70.5,6.2,10
HMDB00097,Choline,0.8,1.9,10
HMDB00108,Ethanol,1.7,6.2,9
HMDB00122,D-Glucose,4009.6,31.1,10
HMDB00123,Glycine,251.5,6.2,10
HMDB00131,Glycerol,180.0,6.2,9
HMDB00142,Formic acid,20.9,5.0,9
HMDB00148,L-Glutamic acid,50.9,6.2,10
HMDB00157,Hypoxanthine,8.8,6.2,10
HMDB00158,L-Tyrosine,57.4,6.2,10
HMDB00159,L-Phenylalanine,61.8,6.2,10
HMDB00161,L-Alanine,326.2,12.4,10
HMDB00162,L-Proline,83.9,6.2,10
HMDB00167,L-Threonine,78.2,6.2,9
HMDB00168,L-Asparagine,45.8,18.7,3
HMDB00172,L-Isoleucine,42.9,6.2,7
HMDB00177,L-Histidine,54.9,6.2,7
HMDB00182,Lysine,101.4,6.2,9
HMDB00187,L-Serine,207.3,6.2,4
HMDB00190,L-Lactic acid,816.0,12.4,10
HMDB00191,L-Aspartic acid,34.2,15.5,9
HMDB00214,Ornithine,27.3,18.7,6
HMDB00243,Pyruvic acid,38.6,6.2,8
HMDB00254,Succinic acid,5.2,6.2,8
HMDB00294,Urea,839.4,311.0,8
HMDB00357,3-Hydroxybutyric acid,15.7,6.2,10
HMDB00517,L-Arginine,41.4,6.2,6
HMDB00562,Creatinine,49.6,6.2,10
HMDB00641,L-Glutamine,450.3,6.2,10
HMDB00687,L-Leucine,72.2,6.2,10
HMDB00691,Malonic acid,2.7,12.4,7
HMDB00696,L-Methionine,16.3,6.2,10
HMDB00863,Isopropanol,2.1,6.2,10
HMDB00883,L-Valine,155.2,12.4,10
HMDB00929,L-Tryptophan,8.7,18.7,5
HMDB01659,Acetone,17.1,6.2,10
HMDB01873,Isobutyric acid,4.3,5.0,10
HMDB01875,Methanol,106.6,12.4,10
HMDB01881,Propylene glycol,8.4,6.2,10
HMDB04983,Dimethylsulfone,8.8,6.2,10
