# Date: 2017-06-02 00:46:50 UTC
# FID: control_3.zip
# Biofluid: Serum (Filtered)
# NMR Frequency: 500 MHz
# DSS Concentration: 833.0 µM
# Fast Profile: No
HMDB ID,Compound Name,Concentration (µM),Threshold,Confidence Score
-,DSS,833.0,0.7,
HMDB00001,1-Methylhistidine,46.5,6.8,5
HMDB00008,2-Hydroxybutyrate,21.9,6.8,9
HMDB00042,Acetic acid,13.3,4.8,10
HMDB00043,Betaine,45.6,6.8,10
HMDB00060,Acetoacetate,18.1,6.8,8
HMDB00062,L-Carnitine,41.7,6.8,9
HMDB00064,Creatine,60.0,6.8,7
HMDB00094,Citric acid,89.5,6.8,10
HMDB00097,Choline,8.0,2.1,10
HMDB00108,Ethanol,3.6,6.8,9
HMDB00122,D-Glucose,3881.4,34.2,10
HMDB00123,Glycine,185.4,6.8,10
HMDB00131,Glycerol,267.0,6.8,9
HMDB00142,Formic acid,21.9,5.5,9
HMDB00148,L-Glutamic acid,46.3,6.8,10
HMDB00157,Hypoxanthine,6.2,6.8,10
HMDB00158,L-Tyrosine,79.9,6.8,10
HMDB00159,L-Phenylalanine,72.5,6.8,10
HMDB00161,L-Alanine,403.5,13.7,10
HMDB00162,L-Proline,175.5,6.8,10
HMDB00167,L-Threonine,61.9,6.8,9
HMDB00168,L-Asparagine,16.5,20.5,3
HMDB00172,L-Isoleucine,60.1,6.8,7
HMDB00177,L-Histidine,41.1,6.8,7
HMDB00182,Lysine,129.7,6.8,9
HMDB00187,L-Serine,209.9,6.8,4
HMDB00190,L-Lactic acid,1763.3,13.7,10
HMDB00191,L-Aspartic acid,24.3,17.1,9
HMDB00214,Ornithine,14.7,20.5,6
HMDB00243,Pyruvic acid,119.7,6.8,8
HMDB00254,Succinic acid,4.6,6.8,8
HMDB00294,Urea,838.5,342.2,8
HMDB00357,3-Hydroxybutyric acid,21.6,6.8,10
HMDB00517,L-Arginine,105.7,6.8,6
HMDB00562,Creatinine,45.6,6.8,10
HMDB00641,L-Glutamine,369.8,6.8,10
HMDB00687,L-Leucine,108.8,6.8,10
HMDB00691,Malonic acid,9.2,13.7,7
HMDB00696,L-Methionine,33.1,6.8,10
HMDB00863,Isopropanol,2.3,6.8,10
HMDB00883,L-Valine,176.5,13.7,10
HMDB00929,L-Tryptophan,12.3,20.5,5
HMDB01659,Acetone,11.4,6.8,10
HMDB01873,Isobutyric acid,7.5,5.5,10
HMDB01875,Methanol,69.2,13.7,10
HMDB01881,Propylene glycol,9.8,6.8,10
HMDB04983,Dimethylsulfone,1.7,6.8,10
