# Date: 2017-06-02 00:48:10 UTC
# FID: control_9.zip
# Biofluid: Serum (Filtered)
# NMR Frequency: 500 MHz
# DSS Concentration: 833.0 µM
# Fast Profile: No
HMDB ID,Compound Name,Concentration (µM),Threshold,Confidence Score
-,DSS,833.0,0.7,
HMDB00001,1-Methylhistidine,37.9,6.7,5
HMDB00008,2-Hydroxybutyrate,15.4,6.7,9
HMDB00042,Acetic acid,24.6,4.7,10
HMDB00043,Betaine,64.2,6.7,10
HMDB00060,Acetoacetate,13.7,6.7,8
HMDB00062,L-Carnitine,32.4,6.7,9
HMDB00064,Creatine,63.2,6.7,7
HMDB00094,Citric acid,81.3,6.7,10
HMDB00097,Choline,8.8,2.0,10
HMDB00108,Ethanol,32.2,6.7,9
HMDB00122,D-Glucose,3436.7,33.5,10
HMDB00123,Glycine,448.8,6.7,10
HMDB00131,Glycerol,324.2,6.7,9
HMDB00142,Formic acid,14.2,5.4,9
HMDB00148,L-Glutamic acid,55.5,6.7,10
HMDB00157,Hypoxanthine,8.4,6.7,10
HMDB00158,L-Tyrosine,82.6,6.7,10
HMDB00159,L-Phenylalanine,74.3,6.7,10
HMDB00161,L-Alanine,318.0,13.4,10
HMDB00162,L-Proline,160.8,6.7,10
HMDB00167,L-Threonine,63.9,6.7,9
HMDB00168,L-Asparagine,118.9,20.1,3
HMDB00172,L-Isoleucine,48.5,6.7,7
HMDB00177,L-Histidine,43.4,6.7,7
HMDB00182,Lysine,91.5,6.7,9
HMDB00187,L-Serine,491.0,6.7,4
HMDB00190,L-Lactic acid,1436.2,13.4,10
HMDB00191,L-Aspartic acid,81.2,16.8,9
HMDB00214,Ornithine,74.3,20.1,6
HMDB00243,Pyruvic acid,55.1,6.7,8
HMDB00254,Succinic acid,5.8,6.7,8
HMDB00294,Urea,775.0,335.1,8
HMDB00357,3-Hydroxybutyric acid,23.8,6.7,10
HMDB00517,L-Arginine,101.7,6.7,6
HMDB00562,Creatinine,44.4,6.7,10
HMDB00641,L-Glutamine,452.1,6.7,10
HMDB00687,L-Leucine,91.2,6.7,10
HMDB00691,Malonic acid,12.3,13.4,7
HMDB00696,L-Methionine,35.7,6.7,10
HMDB00863,Isopropanol,0.0,6.7,10
HMDB00883,L-Valine,157.9,13.4,10
HMDB00929,L-Tryptophan,14.2,20.1,5
HMDB01659,Acetone,13.8,6.7,10
HMDB01873,Isobutyric acid,7.0,5.4,10
HMDB01875,Methanol,346.7,13.4,10
HMDB01881,Propylene glycol,0.0,6.7,10
HMDB04983,Dimethylsulfone,7.4,6.7,10
