# Date: 2017-06-02 16:41:04 UTC
# FID: control_19.zip
# Biofluid: Serum (Filtered)
# NMR Frequency: 500 MHz
# DSS Concentration: 833.0 µM
# Fast Profile: No
HMDB ID,Compound Name,Concentration (µM),Threshold,Confidence Score
-,DSS,833.0,0.7,
HMDB00001,1-Methylhistidine,75.0,6.6,5
HMDB00008,2-Hydroxybutyrate,16.6,6.6,9
HMDB00042,Acetic acid,16.4,4.6,10
HMDB00043,Betaine,43.4,6.6,10
HMDB00060,Acetoacetate,8.2,6.6,8
HMDB00062,L-Carnitine,44.7,6.6,9
HMDB00064,Creatine,33.2,6.6,7
HMDB00094,Citric acid,62.1,6.6,10
HMDB00097,Choline,11.3,2.0,10
HMDB00108,Ethanol,7.1,6.6,9
HMDB00122,D-Glucose,3529.2,33.1,10
HMDB00123,Glycine,190.5,6.6,10
HMDB00131,Glycerol,262.5,6.6,9
HMDB00142,Formic acid,15.5,5.3,9
HMDB00148,L-Glutamic acid,43.1,6.6,10
HMDB00157,Hypoxanthine,7.1,6.6,10
HMDB00158,L-Tyrosine,59.9,6.6,10
HMDB00159,L-Phenylalanine,54.7,6.6,10
HMDB00161,L-Alanine,346.9,13.2,10
HMDB00162,L-Proline,124.4,6.6,10
HMDB00167,L-Threonine,73.2,6.6,9
HMDB00168,L-Asparagine,23.8,19.8,3
HMDB00172,L-Isoleucine,23.0,6.6,7
HMDB00177,L-Histidine,14.8,6.6,7
HMDB00182,Lysine,135.3,6.6,9
HMDB00187,L-Serine,225.5,6.6,4
HMDB00190,L-Lactic acid,1248.5,13.2,10
HMDB00191,L-Aspartic acid,23.6,16.5,9
HMDB00214,Ornithine,23.7,19.8,6
HMDB00243,Pyruvic acid,46.1,6.6,8
HMDB00254,Succinic acid,5.7,6.6,8
HMDB00294,Urea,473.0,330.6,8
HMDB00357,3-Hydroxybutyric acid,23.2,6.6,10
HMDB00517,L-Arginine,86.7,6.6,6
HMDB00562,Creatinine,37.7,6.6,10
HMDB00641,L-Glutamine,371.8,6.6,10
HMDB00687,L-Leucine,64.8,6.6,10
HMDB00691,Malonic acid,5.4,13.2,7
HMDB00696,L-Methionine,23.9,6.6,10
HMDB00863,Isopropanol,3.1,6.6,10
HMDB00883,L-Valine,117.3,13.2,10
HMDB00929,L-Tryptophan,16.1,19.8,5
HMDB01659,Acetone,15.4,6.6,10
HMDB01873,Isobutyric acid,2.9,5.3,10
HMDB01875,Methanol,135.6,13.2,10
HMDB01881,Propylene glycol,0.0,6.6,10
HMDB04983,Dimethylsulfone,12.0,6.6,10
