# Date: 2017-06-02 16:40:00 UTC
# FID: control_13.zip
# Biofluid: Serum (Filtered)
# NMR Frequency: 500 MHz
# DSS Concentration: 833.0 µM
# Fast Profile: No
HMDB ID,Compound Name,Concentration (µM),Threshold,Confidence Score
-,DSS,833.0,0.9,
HMDB00001,1-Methylhistidine,99.0,8.7,5
HMDB00008,2-Hydroxybutyrate,7.9,8.7,9
HMDB00042,Acetic acid,19.4,6.1,10
HMDB00043,Betaine,33.5,8.7,10
HMDB00060,Acetoacetate,11.6,8.7,8
HMDB00062,L-Carnitine,48.5,8.7,9
HMDB00064,Creatine,14.2,8.7,7
HMDB00094,Citric acid,86.2,8.7,10
HMDB00097,Choline,0.0,2.6,10
HMDB00108,Ethanol,23.3,8.7,9
HMDB00122,D-Glucose,4366.6,43.4,10
HMDB00123,Glycine,164.6,8.7,10
HMDB00131,Glycerol,84.9,8.7,9
HMDB00142,Formic acid,18.4,6.9,9
HMDB00148,L-Glutamic acid,23.2,8.7,10
HMDB00157,Hypoxanthine,6.0,8.7,10
HMDB00158,L-Tyrosine,92.5,8.7,10
HMDB00159,L-Phenylalanine,75.0,8.7,10
HMDB00161,L-Alanine,459.0,17.4,10
HMDB00162,L-Proline,340.6,8.7,10
HMDB00167,L-Threonine,59.2,8.7,9
HMDB00168,L-Asparagine,0.0,26.1,3
HMDB00172,L-Isoleucine,53.1,8.7,7
HMDB00177,L-Histidine,19.8,8.7,7
HMDB00182,Lysine,100.3,8.7,9
HMDB00187,L-Serine,139.4,8.7,4
HMDB00190,L-Lactic acid,1279.7,17.4,10
HMDB00191,L-Aspartic acid,32.8,21.7,9
HMDB00214,Ornithine,0.0,26.1,6
HMDB00243,Pyruvic acid,42.8,8.7,8
HMDB00254,Succinic acid,4.9,8.7,8
HMDB00294,Urea,940.7,434.3,8
HMDB00357,3-Hydroxybutyric acid,16.3,8.7,10
HMDB00517,L-Arginine,45.5,8.7,6
HMDB00562,Creatinine,64.3,8.7,10
HMDB00641,L-Glutamine,421.6,8.7,10
HMDB00687,L-Leucine,112.3,8.7,10
HMDB00691,Malonic acid,6.3,17.4,7
HMDB00696,L-Methionine,36.0,8.7,10
HMDB00863,Isopropanol,9.2,8.7,10
HMDB00883,L-Valine,172.3,17.4,10
HMDB00929,L-Tryptophan,15.3,26.1,5
HMDB01659,Acetone,10.4,8.7,10
HMDB01873,Isobutyric acid,0.3,6.9,10
HMDB01875,Methanol,335.2,17.4,10
HMDB01881,Propylene glycol,2.5,8.7,10
HMDB04983,Dimethylsulfone,4.4,8.7,10
