# Date: 2017-06-02 00:47:30 UTC
# FID: control_6.zip
# Biofluid: Serum (Filtered)
# NMR Frequency: 500 MHz
# DSS Concentration: 833.0 µM
# Fast Profile: No
HMDB ID,Compound Name,Concentration (µM),Threshold,Confidence Score
-,DSS,833.0,0.6,
HMDB00001,1-Methylhistidine,59.1,5.9,5
HMDB00008,2-Hydroxybutyrate,12.5,5.9,9
HMDB00042,Acetic acid,35.3,4.1,10
HMDB00043,Betaine,35.2,5.9,10
HMDB00060,Acetoacetate,6.4,5.9,8
HMDB00062,L-Carnitine,53.7,5.9,9
HMDB00064,Creatine,21.0,5.9,7
HMDB00094,Citric acid,75.5,5.9,10
HMDB00097,Choline,10.6,1.8,10
HMDB00108,Ethanol,28.0,5.9,9
HMDB00122,D-Glucose,3540.2,29.6,10
HMDB00123,Glycine,207.1,5.9,10
HMDB00131,Glycerol,122.8,5.9,9
HMDB00142,Formic acid,12.8,4.7,9
HMDB00148,L-Glutamic acid,50.7,5.9,10
HMDB00157,Hypoxanthine,10.4,5.9,10
HMDB00158,L-Tyrosine,43.4,5.9,10
HMDB00159,L-Phenylalanine,50.7,5.9,10
HMDB00161,L-Alanine,258.9,11.8,10
HMDB00162,L-Proline,105.8,5.9,10
HMDB00167,L-Threonine,60.4,5.9,9
HMDB00168,L-Asparagine,50.3,17.8,3
HMDB00172,L-Isoleucine,24.6,5.9,7
HMDB00177,L-Histidine,54.4,5.9,7
HMDB00182,Lysine,95.7,5.9,9
HMDB00187,L-Serine,200.7,5.9,4
HMDB00190,L-Lactic acid,960.7,11.8,10
HMDB00191,L-Aspartic acid,31.3,14.8,9
HMDB00214,Ornithine,21.5,17.8,6
HMDB00243,Pyruvic acid,36.4,5.9,8
HMDB00254,Succinic acid,5.6,5.9,8
HMDB00294,Urea,1616.0,296.2,8
HMDB00357,3-Hydroxybutyric acid,13.8,5.9,10
HMDB00517,L-Arginine,60.0,5.9,6
HMDB00562,Creatinine,50.9,5.9,10
HMDB00641,L-Glutamine,446.9,5.9,10
HMDB00687,L-Leucine,53.1,5.9,10
HMDB00691,Malonic acid,6.2,11.8,7
HMDB00696,L-Methionine,14.6,5.9,10
HMDB00863,Isopropanol,0.7,5.9,10
HMDB00883,L-Valine,98.0,11.8,10
HMDB00929,L-Tryptophan,12.3,17.8,5
HMDB01659,Acetone,10.0,5.9,10
HMDB01873,Isobutyric acid,1.5,4.7,10
HMDB01875,Methanol,304.4,11.8,10
HMDB01881,Propylene glycol,0.0,5.9,10
HMDB04983,Dimethylsulfone,6.6,5.9,10
