# Date: 2017-06-02 00:47:43 UTC
# FID: control_7.zip
# Biofluid: Serum (Filtered)
# NMR Frequency: 500 MHz
# DSS Concentration: 833.0 µM
# Fast Profile: No
HMDB ID,Compound Name,Concentration (µM),Threshold,Confidence Score
-,DSS,833.0,0.6,
HMDB00001,1-Methylhistidine,25.4,6.1,5
HMDB00008,2-Hydroxybutyrate,10.2,6.1,9
HMDB00042,Acetic acid,21.1,4.2,10
HMDB00043,Betaine,63.4,6.1,10
HMDB00060,Acetoacetate,11.3,6.1,8
HMDB00062,L-Carnitine,53.3,6.1,9
HMDB00064,Creatine,46.7,6.1,7
HMDB00094,Citric acid,112.2,6.1,10
HMDB00097,Choline,7.1,1.8,10
HMDB00108,Ethanol,35.5,6.1,9
HMDB00122,D-Glucose,2668.5,30.3,10
HMDB00123,Glycine,439.3,6.1,10
HMDB00131,Glycerol,165.0,6.1,9
HMDB00142,Formic acid,17.4,4.8,9
HMDB00148,L-Glutamic acid,49.6,6.1,10
HMDB00157,Hypoxanthine,4.8,6.1,10
HMDB00158,L-Tyrosine,77.9,6.1,10
HMDB00159,L-Phenylalanine,66.6,6.1,10
HMDB00161,L-Alanine,378.5,12.1,10
HMDB00162,L-Proline,125.8,6.1,10
HMDB00167,L-Threonine,70.7,6.1,9
HMDB00168,L-Asparagine,33.2,18.2,3
HMDB00172,L-Isoleucine,40.4,6.1,7
HMDB00177,L-Histidine,49.4,6.1,7
HMDB00182,Lysine,120.3,6.1,9
HMDB00187,L-Serine,313.7,6.1,4
HMDB00190,L-Lactic acid,1727.2,12.1,10
HMDB00191,L-Aspartic acid,32.6,15.1,9
HMDB00214,Ornithine,8.2,18.2,6
HMDB00243,Pyruvic acid,67.8,6.1,8
HMDB00254,Succinic acid,4.9,6.1,8
HMDB00294,Urea,24.3,303.0,8
HMDB00357,3-Hydroxybutyric acid,20.0,6.1,10
HMDB00517,L-Arginine,54.8,6.1,6
HMDB00562,Creatinine,44.8,6.1,10
HMDB00641,L-Glutamine,385.0,6.1,10
HMDB00687,L-Leucine,73.9,6.1,10
HMDB00691,Malonic acid,6.8,12.1,7
HMDB00696,L-Methionine,20.7,6.1,10
HMDB00863,Isopropanol,4.2,6.1,10
HMDB00883,L-Valine,134.2,12.1,10
HMDB00929,L-Tryptophan,14.0,18.2,5
HMDB01659,Acetone,15.9,6.1,10
HMDB01873,Isobutyric acid,8.5,4.8,10
HMDB01875,Methanol,320.0,12.1,10
HMDB01881,Propylene glycol,8.8,6.1,10
HMDB04983,Dimethylsulfone,6.7,6.1,10
