# Date: 2017-06-02 16:39:37 UTC
# FID: control_15.zip
# Biofluid: Serum (Filtered)
# NMR Frequency: 500 MHz
# DSS Concentration: 833.0 µM
# Fast Profile: No
HMDB ID,Compound Name,Concentration (µM),Threshold,Confidence Score
-,DSS,833.0,0.7,
HMDB00001,1-Methylhistidine,26.4,7.4,5
HMDB00008,2-Hydroxybutyrate,10.9,7.4,9
HMDB00042,Acetic acid,17.1,5.2,10
HMDB00043,Betaine,42.2,7.4,10
HMDB00060,Acetoacetate,7.0,7.4,8
HMDB00062,L-Carnitine,31.1,7.4,9
HMDB00064,Creatine,42.2,7.4,7
HMDB00094,Citric acid,68.4,7.4,10
HMDB00097,Choline,6.9,2.2,10
HMDB00108,Ethanol,3.3,7.4,9
HMDB00122,D-Glucose,3712.8,36.9,10
HMDB00123,Glycine,172.7,7.4,10
HMDB00131,Glycerol,260.0,7.4,9
HMDB00142,Formic acid,24.5,5.9,9
HMDB00148,L-Glutamic acid,58.8,7.4,10
HMDB00157,Hypoxanthine,12.5,7.4,10
HMDB00158,L-Tyrosine,57.9,7.4,10
HMDB00159,L-Phenylalanine,65.1,7.4,10
HMDB00161,L-Alanine,328.2,14.8,10
HMDB00162,L-Proline,136.7,7.4,10
HMDB00167,L-Threonine,129.2,7.4,9
HMDB00168,L-Asparagine,43.8,22.2,3
HMDB00172,L-Isoleucine,40.7,7.4,7
HMDB00177,L-Histidine,46.6,7.4,7
HMDB00182,Lysine,129.1,7.4,9
HMDB00187,L-Serine,231.0,7.4,4
HMDB00190,L-Lactic acid,981.4,14.8,10
HMDB00191,L-Aspartic acid,36.4,18.5,9
HMDB00214,Ornithine,0.0,22.2,6
HMDB00243,Pyruvic acid,62.0,7.4,8
HMDB00254,Succinic acid,4.7,7.4,8
HMDB00294,Urea,1802.4,369.2,8
HMDB00357,3-Hydroxybutyric acid,3.7,7.4,10
HMDB00517,L-Arginine,73.1,7.4,6
HMDB00562,Creatinine,45.4,7.4,10
HMDB00641,L-Glutamine,406.9,7.4,10
HMDB00687,L-Leucine,80.7,7.4,10
HMDB00691,Malonic acid,5.4,14.8,7
HMDB00696,L-Methionine,20.8,7.4,10
HMDB00863,Isopropanol,1.6,7.4,10
HMDB00883,L-Valine,168.9,14.8,10
HMDB00929,L-Tryptophan,4.8,22.2,5
HMDB01659,Acetone,12.7,7.4,10
HMDB01873,Isobutyric acid,3.3,5.9,10
HMDB01875,Methanol,154.5,14.8,10
HMDB01881,Propylene glycol,3.3,7.4,10
HMDB04983,Dimethylsulfone,12.4,7.4,10
