# Date: 2017-06-02 16:39:17 UTC
# FID: control_14.zip
# Biofluid: Serum (Filtered)
# NMR Frequency: 500 MHz
# DSS Concentration: 833.0 µM
# Fast Profile: No
HMDB ID,Compound Name,Concentration (µM),Threshold,Confidence Score
-,DSS,833.0,0.6,
HMDB00001,1-Methylhistidine,25.5,6.2,5
HMDB00008,2-Hydroxybutyrate,17.0,6.2,9
HMDB00042,Acetic acid,32.7,4.4,10
HMDB00043,Betaine,43.8,6.2,10
HMDB00060,Acetoacetate,13.0,6.2,8
HMDB00062,L-Carnitine,30.1,6.2,9
HMDB00064,Creatine,17.3,6.2,7
HMDB00094,Citric acid,99.0,6.2,10
HMDB00097,Choline,8.3,1.9,10
HMDB00108,Ethanol,24.7,6.2,9
HMDB00122,D-Glucose,2326.0,31.2,10
HMDB00123,Glycine,244.9,6.2,10
HMDB00131,Glycerol,165.7,6.2,9
HMDB00142,Formic acid,22.4,5.0,9
HMDB00148,L-Glutamic acid,35.6,6.2,10
HMDB00157,Hypoxanthine,4.7,6.2,10
HMDB00158,L-Tyrosine,44.7,6.2,10
HMDB00159,L-Phenylalanine,46.6,6.2,10
HMDB00161,L-Alanine,283.7,12.5,10
HMDB00162,L-Proline,81.6,6.2,10
HMDB00167,L-Threonine,43.2,6.2,9
HMDB00168,L-Asparagine,14.1,18.7,3
HMDB00172,L-Isoleucine,28.2,6.2,7
HMDB00177,L-Histidine,36.5,6.2,7
HMDB00182,Lysine,72.6,6.2,9
HMDB00187,L-Serine,205.6,6.2,4
HMDB00190,L-Lactic acid,1046.9,12.5,10
HMDB00191,L-Aspartic acid,21.0,15.6,9
HMDB00214,Ornithine,8.1,18.7,6
HMDB00243,Pyruvic acid,48.1,6.2,8
HMDB00254,Succinic acid,3.8,6.2,8
HMDB00294,Urea,1244.5,312.1,8
HMDB00357,3-Hydroxybutyric acid,24.1,6.2,10
HMDB00517,L-Arginine,85.1,6.2,6
HMDB00562,Creatinine,40.1,6.2,10
HMDB00641,L-Glutamine,343.6,6.2,10
HMDB00687,L-Leucine,51.8,6.2,10
HMDB00691,Malonic acid,6.2,12.5,7
HMDB00696,L-Methionine,16.7,6.2,10
HMDB00863,Isopropanol,0.9,6.2,10
HMDB00883,L-Valine,95.4,12.5,10
HMDB00929,L-Tryptophan,12.3,18.7,5
HMDB01659,Acetone,13.3,6.2,10
HMDB01873,Isobutyric acid,3.5,5.0,10
HMDB01875,Methanol,270.8,12.5,10
HMDB01881,Propylene glycol,5.7,6.2,10
HMDB04983,Dimethylsulfone,12.1,6.2,10
