# Date: 2017-06-02 16:41:18 UTC
# FID: control_20.zip
# Biofluid: Serum (Filtered)
# NMR Frequency: 500 MHz
# DSS Concentration: 833.0 µM
# Fast Profile: No
HMDB ID,Compound Name,Concentration (µM),Threshold,Confidence Score
-,DSS,833.0,0.6,
HMDB00001,1-Methylhistidine,34.2,6.1,5
HMDB00008,2-Hydroxybutyrate,12.9,6.1,9
HMDB00042,Acetic acid,15.9,4.3,10
HMDB00043,Betaine,41.6,6.1,10
HMDB00060,Acetoacetate,5.0,6.1,8
HMDB00062,L-Carnitine,30.6,6.1,9
HMDB00064,Creatine,39.6,6.1,7
HMDB00094,Citric acid,71.8,6.1,10
HMDB00097,Choline,4.6,1.8,10
HMDB00108,Ethanol,0.0,6.1,9
HMDB00122,D-Glucose,4552.5,30.4,10
HMDB00123,Glycine,235.6,6.1,10
HMDB00131,Glycerol,264.9,6.1,9
HMDB00142,Formic acid,18.3,4.9,9
HMDB00148,L-Glutamic acid,36.2,6.1,10
HMDB00157,Hypoxanthine,13.4,6.1,10
HMDB00158,L-Tyrosine,51.5,6.1,10
HMDB00159,L-Phenylalanine,63.1,6.1,10
HMDB00161,L-Alanine,336.7,12.2,10
HMDB00162,L-Proline,94.2,6.1,10
HMDB00167,L-Threonine,67.9,6.1,9
HMDB00168,L-Asparagine,82.7,18.3,3
HMDB00172,L-Isoleucine,31.7,6.1,7
HMDB00177,L-Histidine,54.4,6.1,7
HMDB00182,Lysine,97.6,6.1,9
HMDB00187,L-Serine,308.3,6.1,4
HMDB00190,L-Lactic acid,977.7,12.2,10
HMDB00191,L-Aspartic acid,25.7,15.2,9
HMDB00214,Ornithine,8.1,18.3,6
HMDB00243,Pyruvic acid,67.6,6.1,8
HMDB00254,Succinic acid,4.7,6.1,8
HMDB00294,Urea,400.8,304.3,8
HMDB00357,3-Hydroxybutyric acid,9.2,6.1,10
HMDB00517,L-Arginine,44.5,6.1,6
HMDB00562,Creatinine,46.8,6.1,10
HMDB00641,L-Glutamine,341.2,6.1,10
HMDB00687,L-Leucine,61.7,6.1,10
HMDB00691,Malonic acid,5.3,12.2,7
HMDB00696,L-Methionine,19.7,6.1,10
HMDB00863,Isopropanol,2.0,6.1,10
HMDB00883,L-Valine,145.9,12.2,10
HMDB00929,L-Tryptophan,10.4,18.3,5
HMDB01659,Acetone,10.1,6.1,10
HMDB01873,Isobutyric acid,1.8,4.9,10
HMDB01875,Methanol,116.7,12.2,10
HMDB01881,Propylene glycol,6.8,6.1,10
HMDB04983,Dimethylsulfone,3.4,6.1,10
